date,hour,day_name,day_of_week,total_kwh,avg_kwh,min_kwh,max_kwh,std_kwh
2025-01-01,0,Wednesday,2,10.315618970365975,2.063123794073195,1.348732242032889,3.039196528038298,0.6777916415718134
2025-01-01,1,Wednesday,2,12.306996130674086,2.461399226134817,1.8348896249592372,2.826267002284524,0.40846895845840114
2025-01-01,2,Wednesday,2,11.46663367693576,2.293326735387152,1.547881736853169,3.057470457474924,0.7049493496258877
2025-01-01,3,Wednesday,2,10.604434098974757,2.1208868197949515,1.83624740973583,2.2184778336783366,0.16295079061233902
2025-01-01,4,Wednesday,2,11.213003822243735,2.242600764448747,2.0742546315986856,2.7000332565860266,0.2576481572422276
2025-01-01,5,Wednesday,2,11.939425222960539,2.3878850445921076,1.898910429731015,2.980311770165311,0.5056197873047905
2025-01-01,6,Wednesday,2,12.875699253339729,2.575139850667946,1.9595934212859007,3.423938870087265,0.5299092421021908
2025-01-01,7,Wednesday,2,14.464026802783737,2.892805360556747,2.1809532959279085,3.904837770671524,0.6734934103689109
2025-01-01,8,Wednesday,2,12.82364068165079,2.564728136330158,1.7326919948743895,3.3747672753616103,0.6096071391111165
2025-01-01,9,Wednesday,2,13.506857946686647,2.7013715893373296,2.3231187612328617,3.06994943562448,0.29483524619117835
2025-01-01,10,Wednesday,2,13.290275165151547,2.658055033030309,2.12753507885469,3.207735652414963,0.5168193983205697
2025-01-01,11,Wednesday,2,11.38915384355484,2.277830768710968,1.8804133846896591,2.9535356578169694,0.41350834702802114
2025-01-01,12,Wednesday,2,12.48212392299605,2.4964247845992102,1.6577951029428362,2.956714802007026,0.5294153364729035
2025-01-01,13,Wednesday,2,13.938402331378345,2.787680466275669,2.324979934297667,3.233121417146953,0.37124748612558617
2025-01-01,14,Wednesday,2,13.322705872989449,2.6645411745978897,2.391990917247995,2.8969479513412697,0.1939843255225222
2025-01-01,15,Wednesday,2,12.008061136320615,2.401612227264123,2.1574407857077547,2.734211994353779,0.24995173645765234
2025-01-01,16,Wednesday,2,11.102677282712147,2.2205354565424296,1.774361012565521,3.2023234162674394,0.5774791286817446
2025-01-01,17,Wednesday,2,15.374312676549126,3.0748625353098253,2.75771541765216,3.461933334643335,0.27214909801569087
2025-01-01,18,Wednesday,2,14.08096716936689,2.816193433873378,2.5016504959984487,3.0379871689209272,0.19771044220820191
2025-01-01,19,Wednesday,2,14.532639816065391,2.9065279632130783,2.277607245321432,3.6055443713343793,0.4707844299617682
2025-01-01,20,Wednesday,2,12.954422672275676,2.5908845344551352,2.1917632932626607,3.184254044421789,0.48933396856729816
2025-01-01,21,Wednesday,2,11.22383441295501,2.2447668825910023,1.83907705738526,2.3854444721452417,0.22803907939217496
2025-01-01,22,Wednesday,2,13.718310455202834,2.7436620910405667,2.0348304286648453,3.423245111926029,0.583023522419177
2025-01-01,23,Wednesday,2,11.922684671098224,2.384536934219645,2.0218487681577355,2.7506998174917707,0.30239963419488164
2025-01-02,0,Thursday,3,10.240632306980302,2.0481264613960604,1.5776253879680413,2.7539946304829304,0.46514648536334585
2025-01-02,1,Thursday,3,11.105588936771419,2.2211177873542836,1.7275972243017796,2.5562818885021685,0.3456495605978707
2025-01-02,2,Thursday,3,10.975111595463751,2.1950223190927503,1.2942947482842229,2.672004673712031,0.6046586675669331
2025-01-02,3,Thursday,3,13.557251732035924,2.711450346407185,2.305470516093588,3.1936354131866613,0.32689848160992546
2025-01-02,4,Thursday,3,11.350943882708881,2.2701887765417763,1.4803156026507591,3.3053344691862456,0.7572934350129209
2025-01-02,5,Thursday,3,11.413202771920572,2.2826405543841144,1.5432335681418168,3.1641957083116865,0.6025095634294315
2025-01-02,6,Thursday,3,12.404560618889217,2.4809121237778435,1.5721249321437345,3.197609874390792,0.6164798822522297
2025-01-02,7,Thursday,3,12.847718332101167,2.569543666420233,1.975130608673077,2.875773250211567,0.3465998380492118
2025-01-02,8,Thursday,3,12.013383018642093,2.402676603728419,1.6396076945794993,3.021822365549427,0.5693458681496016
2025-01-02,9,Thursday,3,12.506953184561956,2.501390636912391,2.1782090342891878,2.853012427871724,0.28583254344963405
2025-01-02,10,Thursday,3,11.932953241967699,2.3865906483935397,1.9007967345122148,2.748769677336587,0.3212624467128688
2025-01-02,11,Thursday,3,15.21912048932179,3.0438240978643583,2.3520425853761524,3.4326531142843804,0.43128095464534577
2025-01-02,12,Thursday,3,13.358553206405988,2.6717106412811975,2.111512994872548,2.975048276172859,0.37476544281323876
2025-01-02,13,Thursday,3,12.252870631703988,2.450574126340798,2.1222036488646414,2.841742549018907,0.32348844010152705
2025-01-02,14,Thursday,3,10.048233442070988,2.0096466884141977,1.2485038672334794,2.537469132510506,0.49056181099628055
2025-01-02,15,Thursday,3,12.179131145488988,2.4358262290977977,1.5318017473968024,3.2593051780086038,0.6733529245830948
2025-01-02,16,Thursday,3,11.677912942184136,2.3355825884368273,1.6700775953360258,2.930681285021286,0.5579605208164249
2025-01-02,17,Thursday,3,11.666537494014932,2.3333074988029865,1.6357116300486088,2.8892345182761163,0.4862267719505712
2025-01-02,18,Thursday,3,10.963972585255842,2.1927945170511682,1.6644600933292146,2.5772231597339275,0.35399026324363564
2025-01-02,19,Thursday,3,12.356252447268805,2.471250489453761,1.7432462651105756,2.9542132675145747,0.4517850489712339
2025-01-02,20,Thursday,3,11.340204969637973,2.2680409939275945,2.0362362177617905,2.5313439802093503,0.23674567726856724
2025-01-02,21,Thursday,3,12.161405374379708,2.4322810748759416,1.983136617150459,3.3798169856683047,0.5614723126039752
2025-01-02,22,Thursday,3,11.798162800548102,2.3596325601096204,1.9933020748469508,2.735071174456819,0.3093396561912283
2025-01-02,23,Thursday,3,12.663626908614635,2.532725381722927,2.195828919657385,2.962570864305333,0.30947051053533686
2025-01-03,0,Friday,4,12.946263133113328,2.589252626622666,2.4308051281087706,2.7620230405945074,0.1428987449644605
2025-01-03,1,Friday,4,13.18720188068873,2.637440376137746,2.015361848002974,3.01108029479549,0.3925996129323726
2025-01-03,2,Friday,4,13.197068016644286,2.6394136033288573,2.2427476039599816,3.1350587449988905,0.33237030475297485
2025-01-03,3,Friday,4,13.436184164421693,2.687236832884339,2.473433855807673,3.0946277058180254,0.2791664463423605
2025-01-03,4,Friday,4,13.47944426984403,2.695888853968806,1.9057662029919875,3.8330962613231616,0.7313655056646192
2025-01-03,5,Friday,4,15.028008532230725,3.005601706446145,2.310649314813063,3.349969751585672,0.42824878496271024
2025-01-03,6,Friday,4,13.797802412757248,2.7595604825514495,2.101110548167473,3.431868489218989,0.5569249647636058
2025-01-03,7,Friday,4,12.52890544622609,2.505781089245218,2.0075232884508702,3.540346214962029,0.62147708799286
2025-01-03,8,Friday,4,13.135496873612286,2.6270993747224574,2.1715541999350885,3.062423111436738,0.3607295995922637
2025-01-03,9,Friday,4,11.872571555305525,2.374514311061105,1.9336253302653696,2.735634965864598,0.38760607625082955
2025-01-03,10,Friday,4,14.917990585916726,2.9835981171833454,2.7979369750545118,3.1823825885896677,0.17144245252205179
2025-01-03,11,Friday,4,14.043235548188033,2.8086471096376067,1.9985886712175187,3.8549904308527294,0.6839165968237024
2025-01-03,12,Friday,4,11.19571577332528,2.2391431546650558,1.3245390839406568,2.6995573891573352,0.5442022418718966
2025-01-03,13,Friday,4,13.072509147505658,2.6145018295011315,2.029268868270287,3.2152146227652607,0.507867740871364
2025-01-03,14,Friday,4,12.504865981743356,2.500973196348671,1.5956377323145874,3.2516422990054576,0.6226865696285424
2025-01-03,15,Friday,4,12.54056204334065,2.50811240866813,1.607225977123917,2.9656998289008154,0.5756083519615499
2025-01-03,16,Friday,4,11.640837979785683,2.3281675959571366,2.0901387216773184,2.7791838769558246,0.2642679423803421
2025-01-03,17,Friday,4,13.693974778453503,2.7387949556907007,1.7468548306580187,4.092482714928755,0.9042889123429511
2025-01-03,18,Friday,4,12.030964402661331,2.406192880532266,1.4134481452421093,2.992614939217217,0.6374934651865589
2025-01-03,19,Friday,4,14.177311190655328,2.8354622381310657,1.7432023814534028,3.9191280924896352,0.9166817290845729
2025-01-03,20,Friday,4,12.87212304387618,2.574424608775236,1.896621376181781,2.9239631162512056,0.40858618199067576
2025-01-03,21,Friday,4,14.852983865600873,2.9705967731201746,2.690675371490115,3.413111294415587,0.30073301304040095
2025-01-03,22,Friday,4,13.307734392913456,2.6615468785826915,2.489299600174361,2.8022100422840834,0.11657404754831123
2025-01-03,23,Friday,4,12.701375451413742,2.5402750902827487,1.8358992159251173,2.90192667726771,0.4526043840478897
2025-01-04,0,Saturday,5,12.918904108490786,2.583780821698157,2.0455791785101605,3.4194650255967773,0.5558715916463002
2025-01-04,1,Saturday,5,13.50280869501609,2.700561739003218,2.349128381553631,3.1749489859886104,0.3202477137362899
2025-01-04,2,Saturday,5,13.350691448446565,2.670138289689313,2.3048949788825923,3.099944253733572,0.38369831580858527
2025-01-04,3,Saturday,5,11.522377682224183,2.3044755364448366,1.5412380913377812,2.6694276038435523,0.44219538599151154
2025-01-04,4,Saturday,5,11.623113261077716,2.324622652215543,1.774393263995683,2.8434597036636142,0.4578702731778795
2025-01-04,5,Saturday,5,12.735888502283096,2.5471777004566194,1.371286733412382,3.642971731401088,0.8279657943415276
2025-01-04,6,Saturday,5,13.269883674222855,2.653976734844571,2.2352893222506376,3.436039450914733,0.4568488703645486
2025-01-04,7,Saturday,5,12.358760067314195,2.4717520134628392,1.7794181229431154,2.9743841805090883,0.5570900874742621
2025-01-04,8,Saturday,5,13.35163811950046,2.670327623900092,2.115338945165795,3.068416764382362,0.4339856874542595
2025-01-04,9,Saturday,5,12.558969617644214,2.5117939235288427,1.9000854303059664,3.1050241141572763,0.4313425462865072
2025-01-04,10,Saturday,5,14.602839139264308,2.9205678278528615,2.382766709222112,3.8118942162725378,0.5422801910867179
2025-01-04,11,Saturday,5,11.742969517017254,2.348593903403451,1.892181998343506,3.2822862570155267,0.5544287873159726
2025-01-04,12,Saturday,5,13.250957384519827,2.6501914769039656,2.277036409909152,3.241233808857955,0.4037461435502128
2025-01-04,13,Saturday,5,13.680281786079277,2.7360563572158556,2.2509131876673623,3.4961405316570526,0.5142787885630595
2025-01-04,14,Saturday,5,12.62552248825947,2.525104497651894,1.8552816179517837,3.413513908851628,0.608139684230603
2025-01-04,15,Saturday,5,12.26372334629313,2.452744669258626,2.016946103606045,2.825669921914379,0.30327927574034264
2025-01-04,16,Saturday,5,11.946545336849105,2.389309067369821,1.8667768374479208,2.920150475232977,0.45321371327289395
2025-01-04,17,Saturday,5,13.273882932258116,2.6547765864516233,2.2771476503431414,3.2635693767279976,0.4046702398648058
2025-01-04,18,Saturday,5,13.360097404852215,2.672019480970443,2.309410252371845,3.0818510029754647,0.3041519610913086
2025-01-04,19,Saturday,5,12.386422347079751,2.47728446941595,1.557023268398353,3.1263915282380053,0.6001998575029306
2025-01-04,20,Saturday,5,13.029029821879359,2.6058059643758718,1.9198677858625284,3.5103491810055725,0.6313629073139535
2025-01-04,21,Saturday,5,11.534853881824937,2.306970776364987,1.7216775652269956,2.9791562402881326,0.5218994779186702
2025-01-04,22,Saturday,5,13.67036448968657,2.734072897937314,2.072394173722903,3.2820358342336444,0.4714449508806104
2025-01-04,23,Saturday,5,12.501573889607647,2.5003147779215293,2.009707466894364,2.8118022610686726,0.36648071123842635
2025-01-05,0,Sunday,6,12.779016973262829,2.555803394652566,2.1187422863909164,3.335300568362931,0.4591341661223477
2025-01-05,1,Sunday,6,13.350009227803731,2.6700018455607464,1.8889031748125205,3.3715699425309915,0.6041186093090821
2025-01-05,2,Sunday,6,12.825784005985033,2.5651568011970065,2.060468872614686,3.032648111460351,0.44806530007131756
2025-01-05,3,Sunday,6,12.416814810757224,2.483362962151445,1.9023312648521145,3.335207513714616,0.5914985333161176
2025-01-05,4,Sunday,6,14.527264395415093,2.9054528790830187,1.2875735578064962,4.478459463692422,1.2534579376540325
2025-01-05,5,Sunday,6,14.491363423246595,2.898272684649319,2.6110798538470728,3.2312505045541338,0.23717840609910193
2025-01-05,6,Sunday,6,11.819995995275578,2.3639991990551157,1.883876895243216,2.776576870642456,0.3285223355808566
2025-01-05,7,Sunday,6,12.87861168321534,2.575722336643068,1.927399322657568,3.375372166363827,0.5409066082035642
2025-01-05,8,Sunday,6,11.987161435735853,2.3974322871471707,2.0578912319526,2.7037384001346307,0.230132455573631
2025-01-05,9,Sunday,6,15.077793824412261,3.015558764882452,2.774427040788226,3.359073965920799,0.21247007399508985
2025-01-05,10,Sunday,6,13.24965668257427,2.6499313365148542,2.148322194019737,3.1465295161649687,0.45594857734003263
2025-01-05,11,Sunday,6,12.064955885798737,2.412991177159747,1.6354561458751458,3.1281799791057443,0.6856257610551985
2025-01-05,12,Sunday,6,12.595545834229942,2.5191091668459884,2.37616261098137,2.693234444183515,0.12057097061131443
2025-01-05,13,Sunday,6,13.33390714387912,2.666781428775824,2.099490613224503,3.2023130030780944,0.47070904692961907
2025-01-05,14,Sunday,6,13.601585043519625,2.7203170087039252,2.39955590134922,3.2652287456635403,0.3313550426956628
2025-01-05,15,Sunday,6,10.60708949298558,2.121417898597116,1.0885525827362168,2.8610577847250966,0.7711345750038306
2025-01-05,16,Sunday,6,11.48179510810826,2.296359021621652,1.316054790642834,3.318483049081883,0.7408008977168827
2025-01-05,17,Sunday,6,11.048765131259938,2.2097530262519873,1.3945570459568906,3.033656014439755,0.616106564071451
2025-01-05,18,Sunday,6,10.575418592843732,2.1150837185687466,1.663783948955028,2.6684893118431363,0.45846929107885664
2025-01-05,19,Sunday,6,12.8791736267594,2.57583472535188,2.226769903991453,2.8878996155272296,0.2971951859476142
2025-01-05,20,Sunday,6,13.051681702064684,2.6103363404129367,1.9160601442788965,3.0663287196202043,0.5209907689438956
2025-01-05,21,Sunday,6,15.272638604751865,3.054527720950373,2.5137999256017163,3.696441185329834,0.456305284333711
2025-01-05,22,Sunday,6,11.616375300370708,2.3232750600741414,1.9599111883637328,2.9687629644965554,0.39969364073650177
2025-01-05,23,Sunday,6,12.890420694215575,2.578084138843115,2.2950064657569893,2.8583711839881225,0.19969358285853328
2025-01-06,0,Monday,0,12.921010358928484,2.584202071785697,1.81579886310094,2.9130872016799403,0.4479656921962849
2025-01-06,1,Monday,0,13.236025792752594,2.647205158550519,1.6027245258977574,3.671960095670761,0.7943890820079922
2025-01-06,2,Monday,0,14.2655864576709,2.85311729153418,2.331769924102169,3.20189280037385,0.3670856098681538
2025-01-06,3,Monday,0,11.575130894106291,2.3150261788212583,1.8914191379785747,2.764032638365922,0.39988145596024155
2025-01-06,4,Monday,0,11.464053992339895,2.292810798467979,1.85930806693544,2.693802907145257,0.32759338238190744
2025-01-06,5,Monday,0,13.138361806335785,2.627672361267157,1.7810068244314023,3.0648676985636443,0.523178169593576
2025-01-06,6,Monday,0,13.884260018266014,2.776852003653203,2.1674253402647863,3.489598757715361,0.5480050211084135
2025-01-06,7,Monday,0,12.9590211368001,2.59180422736002,2.372885783117982,2.871287075860752,0.21544811414214948
2025-01-06,8,Monday,0,13.706159624048396,2.7412319248096795,2.015812502939731,3.7740012073120575,0.674192266920788
2025-01-06,9,Monday,0,12.494676167921245,2.498935233584249,2.109959168601965,2.851273309342602,0.32875165583085575
2025-01-06,10,Monday,0,13.878220801887837,2.7756441603775674,1.9245117675665,3.488597286435394,0.5969820313371674
2025-01-06,11,Monday,0,13.044987922872627,2.6089975845745252,1.9526033320597012,2.985390367926014,0.39214423929633446
2025-01-06,12,Monday,0,13.138602533071532,2.6277205066143066,1.8158146564839663,3.5676938991327374,0.7328925227447014
2025-01-06,13,Monday,0,12.219793821219039,2.4439587642438076,1.7568113563017511,2.9635436851070094,0.45205763058400883
2025-01-06,14,Monday,0,12.53215691078439,2.506431382156878,1.6075682395032749,3.070951992890329,0.5805474761176492
2025-01-06,15,Monday,0,10.717508178044566,2.143501635608913,1.4618435012540525,2.599860623360014,0.44857363580687015
2025-01-06,16,Monday,0,11.980729317697223,2.3961458635394446,1.9143847257495208,2.684939443175355,0.3354297768419982
2025-01-06,17,Monday,0,11.594580367163681,2.318916073432736,1.9111141636973028,3.1387708998670334,0.502881389309364
2025-01-06,18,Monday,0,14.119680049909158,2.8239360099818316,2.1956482902627563,3.661932436460512,0.6167789100798171
2025-01-06,19,Monday,0,11.372769816399682,2.2745539632799363,1.8581635944081487,3.044297859243996,0.4783059248728669
2025-01-06,20,Monday,0,12.844940025017578,2.568988005003516,1.907120597661604,3.308171244388345,0.5323657790981898
2025-01-06,21,Monday,0,13.529669419706108,2.7059338839412215,2.421681523295437,2.9871697002447384,0.21716428815028282
2025-01-06,22,Monday,0,13.110807257978784,2.622161451595757,2.0895696389551457,3.021507149735898,0.3760828496985111
2025-01-06,23,Monday,0,11.829989481554191,2.365997896310838,1.6281671750078082,2.926052470560053,0.5065969727648727
2025-01-07,0,Tuesday,1,11.966870986645292,2.3933741973290585,1.4351066474842211,2.8629575261933966,0.598396187463698
2025-01-07,1,Tuesday,1,12.703294252722491,2.5406588505444985,2.2551072335163327,3.0259782853802744,0.31496937290714233
2025-01-07,2,Tuesday,1,13.73887605306476,2.747775210612952,2.0698258556894142,3.192608148702217,0.47148736838611727
2025-01-07,3,Tuesday,1,14.002709267430077,2.8005418534860156,2.3932113844936187,3.111096881399839,0.33482004040060986
2025-01-07,4,Tuesday,1,12.138362045694706,2.4276724091389412,1.3557152311741256,3.281351816364549,0.7268704257279828
2025-01-07,5,Tuesday,1,12.087841678089138,2.4175683356178275,2.161741311401756,2.808124833796489,0.24267323892607917
2025-01-07,6,Tuesday,1,12.587492649253246,2.5174985298506494,2.15693720341535,3.218151042861077,0.41558990453211225
2025-01-07,7,Tuesday,1,13.663900859907079,2.7327801719814158,2.398283805177196,3.129363897538486,0.30254681132458744
2025-01-07,8,Tuesday,1,11.92416101493591,2.384832202987182,2.133136655589228,2.719644750094409,0.30525958300534595
2025-01-07,9,Tuesday,1,12.24734793670185,2.44946958734037,1.3977162750976866,3.525238901414699,0.7750842720907541
2025-01-07,10,Tuesday,1,11.87740475455078,2.375480950910156,1.9043109908232732,3.013410448931039,0.4811175832862561
2025-01-07,11,Tuesday,1,11.682038152888548,2.3364076305777095,1.7475677692165943,2.6549682064722977,0.3782386632526883
2025-01-07,12,Tuesday,1,13.212179428527993,2.6424358857055985,2.436805737104768,2.9283345317409446,0.19687912509808708
2025-01-07,13,Tuesday,1,14.17310464446897,2.834620928893794,2.361278906276028,3.748961046758957,0.5717336803936022
2025-01-07,14,Tuesday,1,10.764481977134347,2.152896395426869,1.783615175177351,2.649753030557092,0.319416223938321
2025-01-07,15,Tuesday,1,13.474082315552904,2.694816463110581,2.336449516898413,2.99743363590991,0.3250455019665702
2025-01-07,16,Tuesday,1,12.445596101376026,2.4891192202752053,1.9701242534898096,3.322827169368993,0.508899101775056
2025-01-07,17,Tuesday,1,13.50402567320175,2.7008051346403503,2.0276806493745902,3.347125935435806,0.6256071811428955
2025-01-07,18,Tuesday,1,11.768459582376225,2.353691916475245,1.8804080479546137,2.741298791086244,0.3603798376671145
2025-01-07,19,Tuesday,1,11.833334230351316,2.366666846070263,1.9545699789776907,2.72106220231722,0.315608764772874
2025-01-07,20,Tuesday,1,13.9445501675326,2.7889100335065202,2.12929327628974,3.686696289124254,0.5787682603079517
2025-01-07,21,Tuesday,1,11.66388268377181,2.332776536754362,1.9829403306262836,2.7304879048940145,0.30315630903237345
2025-01-07,22,Tuesday,1,11.581141152309936,2.316228230461987,1.9246678005267777,2.7367946147187427,0.34220140888556105
2025-01-07,23,Tuesday,1,11.751882099143753,2.3503764198287507,1.5546316709837131,3.0665512672125903,0.5699992244367973
2025-01-08,0,Wednesday,2,10.868853079643502,2.1737706159287002,1.5413900207222675,3.031652282373825,0.5535294636369541
2025-01-08,1,Wednesday,2,12.798820508714353,2.5597641017428705,2.005016000588623,3.250645259749893,0.4920959906146585
2025-01-08,2,Wednesday,2,12.562818192607383,2.5125636385214767,1.9022962822397853,2.79178307012869,0.3701349464790054
2025-01-08,3,Wednesday,2,11.86975721333853,2.373951442667706,1.3925602955172056,3.0952046355192957,0.6633575232866217
2025-01-08,4,Wednesday,2,12.415528019089598,2.4831056038179193,1.9136146766541509,3.3359073355332125,0.525299444835892
2025-01-08,5,Wednesday,2,12.595931296485269,2.5191862592970535,2.184696155426088,3.2965743466550537,0.4621077333773984
2025-01-08,6,Wednesday,2,11.757603132663771,2.3515206265327544,2.0748635887820623,2.6538531634261697,0.2153501231148528
2025-01-08,7,Wednesday,2,12.72546168051562,2.545092336103124,1.7875067352374805,3.292511113678499,0.5599901883000954
2025-01-08,8,Wednesday,2,11.203452813915415,2.240690562783083,1.2499790570168705,3.6107318587820063,0.8721226577997176
2025-01-08,9,Wednesday,2,12.276656925931892,2.4553313851863785,1.8278077389964171,3.169604136863117,0.4932844184871554
2025-01-08,10,Wednesday,2,12.694674670348842,2.5389349340697684,2.3737521335278977,2.813385338069936,0.17789761621978734
2025-01-08,11,Wednesday,2,13.135596261773184,2.6271192523546367,2.214478992773281,3.1999094748759056,0.41589557928064846
2025-01-08,12,Wednesday,2,13.154472575397037,2.630894515079407,1.8427364744229424,3.417440171475545,0.6484084383231689
2025-01-08,13,Wednesday,2,11.562192502556215,2.312438500511243,1.8377511064046024,2.8765857714623024,0.3925686938176563
2025-01-08,14,Wednesday,2,11.964426559824464,2.3928853119648927,1.5987134166902206,3.3403123008810924,0.7892293940416832
2025-01-08,15,Wednesday,2,12.357860540891016,2.4715721081782034,1.8874871380508456,2.9139470308563595,0.4837719181144597
2025-01-08,16,Wednesday,2,12.936709803474411,2.587341960694882,1.317583740934113,2.9413165638103216,0.7108155971425829
2025-01-08,17,Wednesday,2,13.154395535312347,2.6308791070624693,2.5036276483753244,2.7894798017380573,0.12822426916877902
2025-01-08,18,Wednesday,2,12.978820734937635,2.595764146987527,2.291602111931329,3.195034565347971,0.4071578927216505
2025-01-08,19,Wednesday,2,12.696082270398282,2.5392164540796562,1.91020929831544,3.8940399125162175,0.7767777658502333
2025-01-08,20,Wednesday,2,11.6953758666208,2.33907517332416,1.1507141172783832,2.845916599638037,0.7057323940096938
2025-01-08,21,Wednesday,2,10.487376779755543,2.097475355951109,1.9062886161740615,2.429353798094775,0.21215971471307493
2025-01-08,22,Wednesday,2,10.71400132821088,2.142800265642176,1.723947290697295,2.5420071538505984,0.37636221197243824
2025-01-08,23,Wednesday,2,12.125097681972214,2.425019536394443,1.7686551050606267,3.1325833436030632,0.5667827822052293
2025-01-09,0,Thursday,3,14.244347911892486,2.848869582378497,1.6418683494487716,3.791967590734699,0.9276303070438087
2025-01-09,1,Thursday,3,14.418284118047117,2.8836568236094235,2.281340122013156,3.441745407427736,0.4824705680448685
2025-01-09,2,Thursday,3,11.873436990347525,2.374687398069505,1.4313736104924926,3.29127395353901,0.7301038890800328
2025-01-09,3,Thursday,3,11.795842408679894,2.3591684817359786,2.0779360235912456,2.5656356723772555,0.19027041032498043
2025-01-09,4,Thursday,3,12.325567596945293,2.4651135193890585,1.616208140868562,3.19984914156455,0.6463882139092699
2025-01-09,5,Thursday,3,11.393270836149592,2.2786541672299183,1.5268623522657854,3.381428432708259,0.8015143694311849
2025-01-09,6,Thursday,3,12.757939110446998,2.5515878220893997,1.4631200482887543,3.4882009540096486,0.7213948570079869
2025-01-09,7,Thursday,3,14.842170530750678,2.9684341061501356,2.1590582510272736,3.949870724038518,0.685765825502701
2025-01-09,8,Thursday,3,12.830405661745138,2.5660811323490273,2.363622258595649,2.9969184081640288,0.265194876612529
2025-01-09,9,Thursday,3,12.96542319218376,2.593084638436752,2.326398092770316,2.936175176782125,0.22464224906531952
2025-01-09,10,Thursday,3,14.634354343155428,2.9268708686310854,2.0388894854523656,3.5432590819590457,0.5648649540737984
2025-01-09,11,Thursday,3,11.158616505628606,2.2317233011257214,1.7509068125986202,2.4844814871461707,0.28223549845923984
2025-01-09,12,Thursday,3,13.891895933924134,2.778379186784827,2.2969799317002773,3.543665397390922,0.534539538510601
2025-01-09,13,Thursday,3,10.571838392792284,2.1143676785584566,1.9499067816169784,2.371860576680876,0.20155240355077986
2025-01-09,14,Thursday,3,13.328373063502841,2.665674612700568,2.0996594662188066,3.4118826972134664,0.5693226533406046
2025-01-09,15,Thursday,3,12.89874149522771,2.579748299045542,1.9996137536386425,3.438767141973916,0.5256275463851142
2025-01-09,16,Thursday,3,11.667407638379004,2.3334815276758007,1.3782251215084913,3.7248679813016654,0.8894380143495589
2025-01-09,17,Thursday,3,12.028895341386516,2.4057790682773033,1.7307391043660258,2.9800179214708677,0.4566504676082559
2025-01-09,18,Thursday,3,12.867924701530127,2.5735849403060254,2.127648328308866,2.857653854735144,0.3229949548156928
2025-01-09,19,Thursday,3,13.835385516404475,2.767077103280895,1.9961250232302348,3.46922487897082,0.563933324802697
2025-01-09,20,Thursday,3,12.187997456027636,2.4375994912055274,2.1855171048832096,2.9769257980714703,0.32427384714117796
2025-01-09,21,Thursday,3,11.440793878882827,2.2881587757765653,1.6586435960613108,2.784474634645345,0.4243035226940032
2025-01-09,22,Thursday,3,12.992355523238936,2.5984711046477873,1.9075895511386087,2.9927296252823306,0.43533505083549257
2025-01-09,23,Thursday,3,10.683926864390763,2.1367853728781525,1.595609128679076,2.575397770135827,0.43090993756422413
2025-01-10,0,Friday,4,12.118434615669235,2.423686923133847,1.2160681426124624,3.0187853289937867,0.7761756278349362
2025-01-10,1,Friday,4,12.114961042922832,2.4229922085845663,1.8077849881069512,3.286623825083483,0.5796584691970392
2025-01-10,2,Friday,4,12.0676322375597,2.41352644751194,1.4631954434137189,2.9839547487252984,0.5772903859344274
2025-01-10,3,Friday,4,12.261844139923733,2.4523688279847464,1.9004812650250704,3.042474708204364,0.43298411353710226
2025-01-10,4,Friday,4,12.850444495890978,2.5700888991781956,2.36721342887695,2.8846413271044757,0.226406141547489
2025-01-10,5,Friday,4,10.735892035765334,2.1471784071530666,1.6950877453947548,2.650347269945742,0.41185855854847897
2025-01-10,6,Friday,4,13.01394481102459,2.602788962204918,2.210074989821541,3.027612120363735,0.38147153388304056
2025-01-10,7,Friday,4,12.776579631429922,2.555315926285984,2.160055009411028,2.9574771106742674,0.28197087787094977
2025-01-10,8,Friday,4,11.365885279282358,2.2731770558564715,1.632881122069139,2.7861210905640723,0.4664864665439908
2025-01-10,9,Friday,4,12.488009480445317,2.4976018960890634,1.8581596067955573,3.1472571210524234,0.5866361153659093
2025-01-10,10,Friday,4,11.773670294288685,2.354734058857737,1.818481555745422,3.003524128258357,0.4432624985537381
2025-01-10,11,Friday,4,10.134447950248546,2.0268895900497093,1.2290169399617412,2.4880699907876256,0.5187902236716136
2025-01-10,12,Friday,4,11.190435936303418,2.2380871872606836,1.796121326268737,2.686957687699048,0.3604322327467422
2025-01-10,13,Friday,4,12.356330581947965,2.471266116389593,1.7055622504844583,2.957295244330432,0.4789278996466899
2025-01-10,14,Friday,4,11.599716346308664,2.3199432692617328,1.5696341675534908,3.040870018177942,0.5479436932808214
2025-01-10,15,Friday,4,12.267064348947159,2.4534128697894317,1.8899419255569152,3.032910691197051,0.4146925575967404
2025-01-10,16,Friday,4,12.532649969460884,2.506529993892177,1.687243813242041,3.2386738504509265,0.6339230619079226
2025-01-10,17,Friday,4,12.566621342724147,2.5133242685448294,2.051179871039092,2.994832416347092,0.3463188631654414
2025-01-10,18,Friday,4,15.058023312106986,3.011604662421397,2.5646295480363075,3.7989138049716,0.48612843100606434
2025-01-10,19,Friday,4,11.397738698219326,2.2795477396438653,1.5365386567533674,3.0544667031813684,0.6490788176391079
2025-01-10,20,Friday,4,11.92736293078711,2.385472586157422,2.12594252649634,2.659911592343419,0.2151857903110409
2025-01-10,21,Friday,4,11.547113032089161,2.309422606417832,1.3656129676421207,3.0908341433850053,0.6384241531205218
2025-01-10,22,Friday,4,13.170340011090552,2.63406800221811,2.4863846692856844,2.7751554225113937,0.12280307775899159
2025-01-10,23,Friday,4,11.049848950669116,2.2099697901338233,1.57349723669821,2.8168667579532043,0.4448219210414305
2025-01-11,0,Saturday,5,12.082409618222483,2.4164819236444965,1.8250368334367764,2.9159451863560197,0.4763531411953739
2025-01-11,1,Saturday,5,12.789287169801137,2.557857433960227,2.112766325374233,2.949428018040021,0.31801787567265355
2025-01-11,2,Saturday,5,12.945039886788653,2.5890079773577304,2.1540869343865854,2.977793724763764,0.35621541523308414
2025-01-11,3,Saturday,5,12.762316257285134,2.5524632514570267,1.440517733160956,3.309228897423276,0.7185458897376642
2025-01-11,4,Saturday,5,13.080939294421565,2.616187858884313,1.8554378953145232,3.9175237811845767,0.9519626848421617
2025-01-11,5,Saturday,5,11.520618158979055,2.304123631795811,2.1499115673961886,2.454080037561348,0.1367957587334895
2025-01-11,6,Saturday,5,12.005062848776648,2.4010125697553297,1.762411309021977,2.811030639623445,0.40853964255619707
2025-01-11,7,Saturday,5,12.220771106674768,2.4441542213349536,1.683255853194446,3.3278482493863564,0.682491377820282
2025-01-11,8,Saturday,5,12.275659084256668,2.455131816851334,1.4251776029872365,3.54487903187684,0.7913293895509007
2025-01-11,9,Saturday,5,11.61540242235274,2.323080484470548,1.6955558735833771,2.768741017864381,0.40685677104693335
2025-01-11,10,Saturday,5,13.053061975597076,2.610612395119415,2.08883362752319,3.066394959719197,0.4327098799857653
2025-01-11,11,Saturday,5,12.019353930832295,2.403870786166459,1.7710484399807669,3.381006488490512,0.6518367372855102
2025-01-11,12,Saturday,5,12.576384984230183,2.5152769968460365,1.7053110037542358,3.2170808568317795,0.6514913649630325
2025-01-11,13,Saturday,5,12.4905347812589,2.49810695625178,2.2418690712449774,2.7447421616941137,0.23560356165975932
2025-01-11,14,Saturday,5,12.324849723705693,2.4649699447411386,1.615041659285136,3.3087521330635554,0.6608059753681306
2025-01-11,15,Saturday,5,13.214849008346672,2.6429698016693344,1.8888593247971135,3.1093219538122985,0.47074233237195073
2025-01-11,16,Saturday,5,12.846108568869964,2.5692217137739926,2.3314289558487995,2.950442798099075,0.2448008019023293
2025-01-11,17,Saturday,5,11.119842808357397,2.2239685616714793,1.651517368948738,2.6461405608129094,0.379183730524357
2025-01-11,18,Saturday,5,12.142329105337055,2.428465821067411,1.8428967185304015,2.8630942267771164,0.4038501935698402
2025-01-11,19,Saturday,5,12.750483139124407,2.5500966278248813,1.8295492810926643,3.411174280266282,0.7311517341572532
2025-01-11,20,Saturday,5,12.261055017405223,2.4522110034810445,1.541163486641718,3.3633201304595213,0.7857409614327678
2025-01-11,21,Saturday,5,14.748146045283491,2.949629209056698,2.1429096805236587,3.85378289023101,0.6391006714033138
2025-01-11,22,Saturday,5,12.83678016425229,2.5673560328504577,2.3499039208661867,2.723264877674608,0.1796002202747305
2025-01-11,23,Saturday,5,13.977749770678713,2.7955499541357427,2.3583001074831698,3.078092038451348,0.27421240261992996
2025-01-12,0,Sunday,6,11.88187158858529,2.3763743177170578,1.8844703573030035,2.6598942650858644,0.3089678133282158
2025-01-12,1,Sunday,6,12.133475131005358,2.4266950262010716,1.775062560487481,2.7041569444820293,0.3757462895120359
2025-01-12,2,Sunday,6,13.946782955363634,2.789356591072727,2.4636977491715824,3.026654969473158,0.25082656678955684
2025-01-12,3,Sunday,6,12.765817751882155,2.553163550376431,2.352934469842573,2.8587877970570617,0.23227006949145027
2025-01-12,4,Sunday,6,11.576026700334781,2.315205340066956,1.5750112568153585,2.9387026340593656,0.5152374670766461
2025-01-12,5,Sunday,6,12.791747562541257,2.5583495125082516,2.329919688361326,2.8433623667253185,0.18600627052412153
2025-01-12,6,Sunday,6,12.987529721758168,2.5975059443516337,2.0301625823846234,2.994063769955442,0.36102437390048486
2025-01-12,7,Sunday,6,13.085312495632738,2.617062499126548,1.6968353592878571,3.363777280811524,0.6159974088603181
2025-01-12,8,Sunday,6,12.66779041157043,2.533558082314086,1.9996643875339268,2.907429963814535,0.37403586157370466
2025-01-12,9,Sunday,6,12.568413206735366,2.5136826413470734,1.8552684536301465,2.9226283032065856,0.4767195472308188
2025-01-12,10,Sunday,6,12.728307457001177,2.5456614914002356,1.866395486622507,3.2106971529067536,0.5591692693301423
2025-01-12,11,Sunday,6,13.015288818915803,2.6030577637831604,1.5549339886325746,3.085544939383916,0.6040371152943178
2025-01-12,12,Sunday,6,12.447283310276955,2.489456662055391,1.8549289038162824,3.051077117535271,0.4787635766558225
2025-01-12,13,Sunday,6,12.870191028918569,2.574038205783714,1.7761336998499235,3.435076935003352,0.6503075217409144
2025-01-12,14,Sunday,6,13.87639850690077,2.7752797013801542,1.859502584319462,4.006619463138231,0.900934482189442
2025-01-12,15,Sunday,6,13.841431496314508,2.7682862992629014,2.3756584861154977,3.340158066864669,0.3889047413391859
2025-01-12,16,Sunday,6,11.231747874087686,2.246349574817537,1.6428245179791188,2.7696033302286014,0.4537909410287004
2025-01-12,17,Sunday,6,13.240333220677439,2.6480666441354876,2.3210309527975115,2.9509586112628146,0.23263946858612966
2025-01-12,18,Sunday,6,11.877352151646114,2.375470430329223,1.8746225033019803,2.7453341023832007,0.32885934968080277
2025-01-12,19,Sunday,6,14.124267639753977,2.8248535279507956,1.847747929615413,3.692524923524644,0.6812214416616323
2025-01-12,20,Sunday,6,11.804830253161612,2.3609660506323222,1.511635328485237,3.7074211377117248,0.8886287732051217
2025-01-12,21,Sunday,6,12.334847697259537,2.4669695394519073,1.7513580897706045,3.032962702643108,0.4748030345316109
2025-01-12,22,Sunday,6,12.198949537950927,2.4397899075901854,2.1859873794963374,2.6383086478189623,0.19289248862712577
2025-01-12,23,Sunday,6,11.958828780578465,2.391765756115693,1.620932202442007,3.212871004295894,0.6278149215087405
2025-01-13,0,Monday,0,13.90369295303724,2.7807385906074478,2.352759050869427,3.3993426659418016,0.4374745351124998
2025-01-13,1,Monday,0,11.48297830254757,2.296595660509514,1.648939604321694,2.8067444503294543,0.4956743049298605
2025-01-13,2,Monday,0,11.855851149116209,2.3711702298232415,1.51243740959218,2.7819305085220134,0.49993511770754334
2025-01-13,3,Monday,0,10.243942660328667,2.0487885320657333,1.800337322051636,2.503561018403225,0.2911960137991997
2025-01-13,4,Monday,0,12.330136392996351,2.4660272785992703,1.6927049253611066,3.327795087457956,0.7022610155948246
2025-01-13,5,Monday,0,11.126407270940856,2.2252814541881714,1.8678147592828864,2.5232860371890395,0.24053344618519204
2025-01-13,6,Monday,0,12.802071485358887,2.5604142970717776,1.6138581262836025,4.054238539732156,0.913937066773229
2025-01-13,7,Monday,0,13.430382418375254,2.686076483675051,2.433033393137217,3.044800324817328,0.23295884847907278
2025-01-13,8,Monday,0,11.366386336116546,2.2732772672233095,1.969759510020592,2.895271561071325,0.36978983580575253
2025-01-13,9,Monday,0,14.814320126709747,2.9628640253419496,2.5098087774916205,3.2993535868336883,0.29103415433954677
2025-01-13,10,Monday,0,11.151939323961809,2.2303878647923616,1.495499355457441,2.82199172833869,0.6024596506909381
2025-01-13,11,Monday,0,13.388804232422734,2.6777608464845466,2.5182427936216363,3.002426794964116,0.1977451132734238
2025-01-13,12,Monday,0,13.724557272809141,2.7449114545618283,1.750587588445658,3.3206388826259507,0.6931313748981603
2025-01-13,13,Monday,0,13.104505321716443,2.620901064343289,1.5291916644691628,3.332611170798552,0.6768940081077315
2025-01-13,14,Monday,0,10.751541762121287,2.150308352424257,1.786435616075423,2.374031629223504,0.24396830867576755
2025-01-13,15,Monday,0,11.52804021188533,2.3056080423770657,1.7081769121414596,3.451555439588711,0.6791039467515384
2025-01-13,16,Monday,0,11.016706025985709,2.203341205197142,1.5640380850186637,2.998922898647597,0.7113847236078239
2025-01-13,17,Monday,0,12.756547620406879,2.551309524081376,2.2146721385029293,3.397700319335952,0.48254055109759564
2025-01-13,18,Monday,0,10.016241254822956,2.0032482509645915,1.7518382428968,2.180602781227829,0.1755531295728473
2025-01-13,19,Monday,0,11.740158541211287,2.3480317082422575,1.9101671056547105,2.7260436714372323,0.3147570172958263
2025-01-13,20,Monday,0,13.45491513396683,2.690983026793366,2.28049703297181,3.330340187869456,0.4008968757920078
2025-01-13,21,Monday,0,13.264372467133704,2.652874493426741,2.2487364741467744,3.522425593180242,0.509515499393703
2025-01-13,22,Monday,0,12.687989371786344,2.5375978743572687,2.112295679497084,2.89727869651031,0.303235634600804
2025-01-13,23,Monday,0,13.577115090828205,2.715423018165641,2.419007409404663,3.566980963601166,0.4915645340785758
2025-01-14,0,Tuesday,1,11.739753229467425,2.347950645893485,1.7023493585795395,2.756053909891727,0.44454431962776747
2025-01-14,1,Tuesday,1,11.078381252795694,2.215676250559139,1.5500592539184428,2.5594069230802057,0.3995306267810406
2025-01-14,2,Tuesday,1,13.388165519556653,2.6776331039113304,1.4080400033270395,3.6011380856296435,0.8203530193069855
2025-01-14,3,Tuesday,1,14.045723075681932,2.8091446151363866,1.9244091764522528,3.319775492069995,0.5608823723865206
2025-01-14,4,Tuesday,1,12.309466447206844,2.461893289441369,2.19056397328431,2.8280164006231843,0.24233902723223966
2025-01-14,5,Tuesday,1,13.727015006904953,2.7454030013809905,2.431998848739387,3.048135253941262,0.23455458098132703
2025-01-14,6,Tuesday,1,13.290709656148167,2.6581419312296335,1.8378927250063688,2.961896711960492,0.47523580207394933
2025-01-14,7,Tuesday,1,12.947219652734429,2.589443930546886,1.476823320425236,3.1035547088665774,0.6423204685126032
2025-01-14,8,Tuesday,1,11.69435229545429,2.3388704590908582,1.6007705244072588,3.2405381114604666,0.6302795175862002
2025-01-14,9,Tuesday,1,14.132827775848146,2.826565555169629,2.343381653477178,3.5740842495972167,0.4770051588423822
2025-01-14,10,Tuesday,1,13.048059023069785,2.609611804613957,2.4408470295759512,2.960124782495386,0.2138579474625075
2025-01-14,11,Tuesday,1,12.718965098986882,2.543793019797376,1.981977832324924,2.915929166816646,0.40701667358135235
2025-01-14,12,Tuesday,1,12.079753265640022,2.4159506531280046,2.098240742238909,2.8768524371522406,0.2857948040771722
2025-01-14,13,Tuesday,1,12.417209722264126,2.4834419444528253,1.7826567964302136,3.0124668466326896,0.4933076395425891
2025-01-14,14,Tuesday,1,12.968491740429117,2.5936983480858236,2.1972498091366046,3.010235052062927,0.3133030905727637
2025-01-14,15,Tuesday,1,10.90532103069182,2.181064206138364,1.6072762797941038,2.5071486332023354,0.3452061861306897
2025-01-14,16,Tuesday,1,12.356734687009249,2.47134693740185,2.3183813075585293,2.632340232511723,0.13486923155539768
2025-01-14,17,Tuesday,1,13.167068138945238,2.6334136277890474,2.053273426180935,3.251156435934123,0.4642234726468102
2025-01-14,18,Tuesday,1,13.766394366334715,2.753278873266943,2.3921977984243927,3.339643396507729,0.4263463582113004
2025-01-14,19,Tuesday,1,11.249371137738446,2.2498742275476893,1.854266168224231,3.00769928003982,0.46608400505416925
2025-01-14,20,Tuesday,1,12.46455102878209,2.492910205756418,1.848362815312968,3.419613633123705,0.6603628338777181
2025-01-14,21,Tuesday,1,13.94082273974718,2.788164547949436,2.1356951391697514,3.378353852929972,0.44547410998905407
2025-01-14,22,Tuesday,1,11.92763008553517,2.385526017107034,1.8990974735553208,2.784208423648558,0.39860221865495926
2025-01-14,23,Tuesday,1,13.415567126243367,2.6831134252486732,2.3105849130261458,3.3920062666513484,0.4310438061487825
2025-01-15,0,Wednesday,2,13.9083205027782,2.78166410055564,2.345572910888935,3.388553927848468,0.4125585713542606
2025-01-15,1,Wednesday,2,13.11507395241939,2.623014790483878,2.199636114106941,3.09445585350547,0.3326361545591643
2025-01-15,2,Wednesday,2,11.214167005928962,2.242833401185792,1.8044665028434623,2.611504131712125,0.364996120711727
2025-01-15,3,Wednesday,2,11.714399493143851,2.3428798986287704,2.035754018877953,2.510758257590048,0.1795836579680693
2025-01-15,4,Wednesday,2,12.783955165887168,2.5567910331774337,2.5005578576621743,2.642982216631586,0.055273602364767124
2025-01-15,5,Wednesday,2,11.757336104020908,2.3514672208041816,1.604468724066702,3.099767621983282,0.5690254187550261
2025-01-15,6,Wednesday,2,13.005702320684847,2.6011404641369693,2.060906445660492,3.116324164140884,0.4118006241218549
2025-01-15,7,Wednesday,2,13.81367937749092,2.7627358754981843,2.515582022981725,3.099114478476584,0.23873893521167455
2025-01-15,8,Wednesday,2,12.796107991586258,2.5592215983172517,2.211829611407277,2.824167295540859,0.24132998914664155
2025-01-15,9,Wednesday,2,12.880021238379737,2.5760042476759475,2.21359758402457,3.072357934226356,0.3528169761675978
2025-01-15,10,Wednesday,2,10.617397479366112,2.123479495873222,1.5282862986447538,2.4601814721881508,0.3739213212456945
2025-01-15,11,Wednesday,2,13.963389548472403,2.7926779096944805,2.536313564050291,3.0534176400536843,0.23358202889660573
2025-01-15,12,Wednesday,2,13.526384353140287,2.705276870628057,2.066650688082821,3.597580053331505,0.5727088097521547
2025-01-15,13,Wednesday,2,13.641038237192221,2.7282076474384445,2.472848532341529,3.048047824469065,0.28187033717706983
2025-01-15,14,Wednesday,2,10.192477479885955,2.038495495977191,1.5680572400055124,2.9853944382658946,0.5728672234677914
2025-01-15,15,Wednesday,2,12.62649086644998,2.525298173289996,2.198036313635844,3.1127988514810694,0.3466003801594378
2025-01-15,16,Wednesday,2,11.417522150987317,2.283504430197463,1.9278235111568012,2.599882675692,0.2702864679994742
2025-01-15,17,Wednesday,2,12.781584513614963,2.5563169027229926,1.534943670477272,3.17864526294754,0.6753116956513238
2025-01-15,18,Wednesday,2,13.960402219836492,2.7920804439672984,2.3146238952055582,3.28881155175892,0.3965053534388871
2025-01-15,19,Wednesday,2,13.125695599021086,2.625139119804217,2.3805213526340454,2.814679549923456,0.18153716470248854
2025-01-15,20,Wednesday,2,11.131410183314996,2.226282036662999,1.6489750165092023,2.605711932767563,0.37419025496777236
2025-01-15,21,Wednesday,2,12.328260967074383,2.4656521934148765,1.8485447157000745,2.904341202563768,0.4166289697343117
2025-01-15,22,Wednesday,2,12.873418871267518,2.5746837742535034,2.129248592821258,2.755071762668918,0.2552227342387295
2025-01-15,23,Wednesday,2,13.945344432209508,2.7890688864419015,2.0459794994159965,3.763841669903867,0.6849802584181833
2025-01-16,0,Thursday,3,12.010049724265834,2.402009944853167,1.8113250637637703,3.087917949466988,0.49676001978190854
2025-01-16,1,Thursday,3,13.411528714582749,2.68230574291655,2.326565176880362,3.0020744335463534,0.2396548941671627
2025-01-16,2,Thursday,3,12.352710612763602,2.4705421225527204,1.6789065127368026,3.358731914860713,0.7371488527748215
2025-01-16,3,Thursday,3,12.183982102669397,2.4367964205338795,1.666528364282958,2.9956921550429825,0.5985487843756859
2025-01-16,4,Thursday,3,13.444882128494239,2.688976425698848,2.0130044066024086,3.402987116121804,0.5599603617613074
2025-01-16,5,Thursday,3,10.488576377450139,2.0977152754900277,1.915720514286063,2.3568936639807947,0.18010285179512633
2025-01-16,6,Thursday,3,11.299120251276413,2.2598240502552827,1.3576997058994258,2.9062685824824044,0.5709159481954974
2025-01-16,7,Thursday,3,12.677545713111554,2.5355091426223106,1.853262721487794,3.084684809890514,0.5392634416367678
2025-01-16,8,Thursday,3,13.483650248428024,2.6967300496856046,2.1042407210257608,3.42646275062491,0.5354088898658961
2025-01-16,9,Thursday,3,11.133541654072069,2.2267083308144136,1.601234580157169,3.2616789875524894,0.6682181629932495
2025-01-16,10,Thursday,3,11.072105455448977,2.2144210910897955,1.9329402639667348,2.362883335089591,0.16530341108946736
2025-01-16,11,Thursday,3,13.983965847522548,2.7967931695045096,2.330261046296642,3.4513904723524997,0.46618225585388035
2025-01-16,12,Thursday,3,13.750647288195847,2.7501294576391695,2.2774765027563,3.155434478870317,0.31901567192973024
2025-01-16,13,Thursday,3,12.584578897910987,2.5169157795821975,1.4718771656070089,3.234719309833629,0.6637965173534023
2025-01-16,14,Thursday,3,12.103893167812222,2.4207786335624446,2.042419670634443,2.797591872968604,0.29827240558615975
2025-01-16,15,Thursday,3,12.56383994841286,2.5127679896825716,2.066976539271061,3.68887575957654,0.6728974929700555
2025-01-16,16,Thursday,3,11.35554775048676,2.271109550097352,1.8656039745043624,2.567230177550903,0.3365622403767853
2025-01-16,17,Thursday,3,12.784117065686832,2.5568234131373666,1.1338210728605458,3.1677223368406624,0.8543459786845649
2025-01-16,18,Thursday,3,12.15751841474534,2.431503682949068,1.8683806958718248,3.2777105525466825,0.5328616202247906
2025-01-16,19,Thursday,3,12.515100654197521,2.5030201308395044,2.349185058444781,2.9270999610091124,0.24127480763440937
2025-01-16,20,Thursday,3,12.277018747093958,2.4554037494187915,1.9060053135761108,3.1003208379102567,0.42462894358047437
2025-01-16,21,Thursday,3,12.851209209713884,2.570241841942777,2.1110230809189687,2.960564056565461,0.3077886259844863
2025-01-16,22,Thursday,3,12.828791282948812,2.5657582565897625,1.961751417488054,3.0700120649838936,0.4725872601344937
2025-01-16,23,Thursday,3,10.146390248570839,2.0292780497141676,1.0863527605478496,3.522085901739154,0.9608834909237162
2025-01-17,0,Friday,4,13.457164120702263,2.6914328241404526,1.5308248812470815,3.6927710092146615,0.881190535562413
2025-01-17,1,Friday,4,12.89342069893832,2.578684139787664,2.2090159912622136,3.1106108593751856,0.37121008190819194
2025-01-17,2,Friday,4,14.479637267611489,2.895927453522298,2.7596949506626465,3.1100639457820014,0.13746061367931123
2025-01-17,3,Friday,4,12.380951739947081,2.4761903479894163,2.009045089796457,2.863262420531376,0.3628687561378556
2025-01-17,4,Friday,4,12.234186538084314,2.446837307616863,1.4275254514711202,2.7858286713154445,0.5741586651918622
2025-01-17,5,Friday,4,13.119768616028212,2.6239537232056422,2.3054920141901194,2.967854901183061,0.2887767551685179
2025-01-17,6,Friday,4,12.273801435298859,2.454760287059772,1.943173341047784,2.868783488178697,0.41357422896726354
2025-01-17,7,Friday,4,12.023481591229993,2.404696318245999,1.561407447497004,2.887882253935545,0.5008854025702062
2025-01-17,8,Friday,4,11.314026339765475,2.262805267953095,1.71859501985912,2.7636350445044027,0.46846519179078255
2025-01-17,9,Friday,4,11.12707079653876,2.225414159307752,1.874794798783594,2.761276063477468,0.35731223778453836
2025-01-17,10,Friday,4,11.665823307212008,2.3331646614424018,1.480497568166616,3.0950520621917117,0.657362712102773
2025-01-17,11,Friday,4,12.214477569869315,2.442895513973863,2.171757874361445,2.9673131625055005,0.33489824888803416
2025-01-17,12,Friday,4,10.81520215379441,2.163040430758882,1.7050652637450177,2.894753664344617,0.45256443981128713
2025-01-17,13,Friday,4,9.337967845209327,1.8675935690418655,1.4951224930829758,2.686698334068638,0.4919563131780701
2025-01-17,14,Friday,4,11.157091267346225,2.231418253469245,1.4671099573994353,2.8625285370182274,0.5334045347133903
2025-01-17,15,Friday,4,12.999627436573084,2.599925487314617,2.094297088086684,3.069578822409724,0.395311771561426
2025-01-17,16,Friday,4,12.218020670626277,2.4436041341252555,1.942640769127824,3.284180991783777,0.5361654534838896
2025-01-17,17,Friday,4,13.159704959985811,2.6319409919971624,1.6708322940124345,3.5029939913157278,0.756536774559226
2025-01-17,18,Friday,4,12.849514793594128,2.5699029587188256,2.2674394897632517,2.8451729635496523,0.2272236614233244
2025-01-17,19,Friday,4,11.173522048965504,2.2347044097931006,1.490325576170808,2.71296017663651,0.4529765948760716
2025-01-17,20,Friday,4,12.074411633816478,2.4148823267632955,1.757268757909172,2.7896313287499424,0.4818302534249364
2025-01-17,21,Friday,4,11.929167284492161,2.3858334568984323,1.5666304761414676,3.0369332529559774,0.6622242425694743
2025-01-17,22,Friday,4,11.454183907882882,2.2908367815765764,1.8224184176775131,2.692960754649938,0.3190444477514646
2025-01-17,23,Friday,4,11.751654018321119,2.3503308036642236,1.956593670765213,2.853340095752417,0.3704851280200783
2025-01-18,0,Saturday,5,12.693818502839608,2.5387637005679218,1.9671382959210075,3.7013742533784457,0.6841000660976666
2025-01-18,1,Saturday,5,12.722742542271103,2.5445485084542208,2.009233858663094,3.3007568609611257,0.4967925203278532
2025-01-18,2,Saturday,5,12.38435521989237,2.4768710439784742,1.943479138170707,3.025914058939999,0.448840465521282
2025-01-18,3,Saturday,5,14.043528485369857,2.808705697073971,1.6909444077517226,3.2703829381886207,0.6433239175926743
2025-01-18,4,Saturday,5,12.46487947630129,2.492975895260258,1.7600745418345227,2.9032060801277795,0.44674084863746805
2025-01-18,5,Saturday,5,11.83159334750539,2.366318669501078,1.9509432206735824,2.733968960236745,0.29349639068556427
2025-01-18,6,Saturday,5,15.097624653945694,3.0195249307891388,2.6597666755681786,3.3415259748551147,0.28580303675745594
2025-01-18,7,Saturday,5,13.512068799619133,2.7024137599238265,2.105639885674265,3.370698191720087,0.4494375459739444
2025-01-18,8,Saturday,5,11.867786419346476,2.373557283869295,2.0755090722384355,2.637577729964005,0.2577916253231803
2025-01-18,9,Saturday,5,10.859032743749744,2.1718065487499487,1.7872324761562677,2.511644130429444,0.32280499570061216
2025-01-18,10,Saturday,5,11.472665242394777,2.2945330484789555,1.7058842870040023,2.5807006090508726,0.3511093038328565
2025-01-18,11,Saturday,5,11.94068493063973,2.388136986127946,1.936327050331145,3.159930536982536,0.5041571809053459
2025-01-18,12,Saturday,5,13.459048143717126,2.6918096287434254,1.9297442782251928,3.429000152976445,0.6486489505970322
2025-01-18,13,Saturday,5,11.921576707234488,2.3843153414468974,2.163838237475214,2.598071391967171,0.15685676646046695
2025-01-18,14,Saturday,5,13.409207593786837,2.681841518757367,2.1628586396508127,3.158062148226982,0.40649237832977897
2025-01-18,15,Saturday,5,12.809362364018652,2.5618724728037305,1.6520769247517468,3.0539069043174565,0.5631781773057093
2025-01-18,16,Saturday,5,13.989654727248341,2.7979309454496684,2.373739710344986,3.394060281884822,0.426710378223655
2025-01-18,17,Saturday,5,13.919689002302611,2.783937800460522,2.225700406467648,3.4352675125721324,0.46019506195107024
2025-01-18,18,Saturday,5,12.375817935520113,2.4751635871040225,1.7358364944050737,3.0481437494132964,0.5662896538317808
2025-01-18,19,Saturday,5,11.718491896545384,2.343698379309077,1.8162634846262904,2.775433925666644,0.47356329293827787
2025-01-18,20,Saturday,5,15.429335161654354,3.085867032330871,2.480799422952342,3.793889694342876,0.5387424219695698
2025-01-18,21,Saturday,5,11.13126618271025,2.22625323654205,1.60581986820122,2.890296061506954,0.5210196582800367
2025-01-18,22,Saturday,5,12.808638200286117,2.5617276400572235,1.9066137598549933,3.1363547712570337,0.5767861505653077
2025-01-18,23,Saturday,5,14.348427278986822,2.8696854557973643,2.165560340817054,3.3312892385033805,0.4665941406256726
2025-01-19,0,Sunday,6,12.02034090185782,2.404068180371564,1.3499942949042536,3.205894953901345,0.7214675456390083
2025-01-19,1,Sunday,6,12.647526585708542,2.5295053171417083,2.238179791496425,2.805056610102216,0.21844861066127427
2025-01-19,2,Sunday,6,15.236378549617513,3.0472757099235026,2.667860254792274,3.291350795368205,0.25175039088746615
2025-01-19,3,Sunday,6,11.395414419916126,2.279082883983225,1.7926874038506977,2.5878545198329466,0.3089597187447896
2025-01-19,4,Sunday,6,13.614945968353076,2.722989193670615,2.2274028010592413,3.4323450203618657,0.4451043456423767
2025-01-19,5,Sunday,6,13.002841937390805,2.600568387478161,1.9068083913362697,2.9444064171005926,0.4096138226079519
2025-01-19,6,Sunday,6,10.381614330237063,2.0763228660474127,1.7522908593970627,2.681365553355717,0.35565462124515107
2025-01-19,7,Sunday,6,11.660882299380445,2.332176459876089,1.469501494423675,3.118411184359238,0.6033275170834155
2025-01-19,8,Sunday,6,12.228519655077715,2.445703931015543,1.6004641473024823,2.991931258331637,0.58370672946579
2025-01-19,9,Sunday,6,10.805455882671044,2.161091176534209,1.6251191770936309,2.53184022009944,0.3907600796714291
2025-01-19,10,Sunday,6,10.468432504062488,2.0936865008124976,0.8966279559484522,2.563484093690985,0.7140908446627169
2025-01-19,11,Sunday,6,13.403097027324879,2.680619405464976,1.7586395379928277,3.1700747064788297,0.5742832361802617
2025-01-19,12,Sunday,6,11.566456939812532,2.3132913879625066,2.079344884926463,2.713560077007453,0.2502218593101184
2025-01-19,13,Sunday,6,11.574997295818061,2.3149994591636123,1.4717211401159542,2.8531573265787515,0.55339730713945
2025-01-19,14,Sunday,6,13.208089671118367,2.6416179342236736,1.667567653916921,3.289014025416659,0.6159071770086764
2025-01-19,15,Sunday,6,9.616344067313051,1.9232688134626101,1.3283690303049802,3.005734744463048,0.6340173008574204
2025-01-19,16,Sunday,6,10.657777032801224,2.1315554065602447,1.7151609747365058,2.569403649706168,0.35057576824196696
2025-01-19,17,Sunday,6,13.890602859492017,2.7781205718984032,2.3434474113282047,3.653120916387432,0.5096007222071725
2025-01-19,18,Sunday,6,11.664533305003992,2.3329066610007985,1.3021462785671625,3.0935770189663065,0.8107117691094153
2025-01-19,19,Sunday,6,13.030066688215326,2.6060133376430654,1.7585073527073465,3.176456261862112,0.5313160300675792
2025-01-19,20,Sunday,6,14.991572257398978,2.9983144514797955,2.7833673790982583,3.3166461804891303,0.23243386665432597
2025-01-19,21,Sunday,6,13.318394784392614,2.663678956878523,2.3103983937583337,3.140375579489198,0.3534946434358599
2025-01-19,22,Sunday,6,12.918206275519442,2.5836412551038883,2.017730462282805,3.6251099986682247,0.6686865242255846
2025-01-19,23,Sunday,6,11.242832440336532,2.2485664880673064,1.882553012013019,2.4970496031996814,0.23156983328996075
2025-01-20,0,Monday,0,11.582299120865725,2.316459824173145,1.7180524723193633,2.7376499465023034,0.44637690057201695
2025-01-20,1,Monday,0,12.04950642770446,2.409901285540892,1.6817442213830955,3.0327952705247325,0.4889559809015876
2025-01-20,2,Monday,0,12.447317776909273,2.4894635553818545,1.9741642775107269,2.9219569620271235,0.4040289897655866
2025-01-20,3,Monday,0,11.411849031176342,2.2823698062352684,1.6435039289247295,2.9800089437186776,0.6577157421174413
2025-01-20,4,Monday,0,13.118732481701468,2.6237464963402934,1.635350594179909,3.62073816602592,0.8179011772380963
2025-01-20,5,Monday,0,12.961460954697953,2.592292190939591,2.047553821268237,2.956677637919963,0.37506739813893986
2025-01-20,6,Monday,0,11.909017389353847,2.3818034778707693,1.946143306001008,2.872542925982946,0.41552158231584857
2025-01-20,7,Monday,0,14.425231435755254,2.885046287151051,2.314642557127108,3.5243763506567607,0.5150933121615855
2025-01-20,8,Monday,0,12.926740925499839,2.585348185099968,1.8732192142933264,3.2762580113437307,0.5247754842067083
2025-01-20,9,Monday,0,11.284895529905455,2.256979105981091,1.808539355128104,2.588126506298781,0.4045235503933988
2025-01-20,10,Monday,0,14.197822851913891,2.839564570382778,2.132235176325469,3.3873840611745383,0.4527963701549128
2025-01-20,11,Monday,0,14.437112084308277,2.8874224168616553,2.279298088318133,3.3781393869192127,0.4227742213131178
2025-01-20,12,Monday,0,12.444040912129346,2.488808182425869,1.822165629355177,3.213447947042772,0.4976561499690115
2025-01-20,13,Monday,0,12.279002949557677,2.4558005899115356,1.921274869973706,2.838980924950284,0.3333598811004249
2025-01-20,14,Monday,0,10.575279093705934,2.1150558187411868,1.599470920947618,2.632426214293416,0.4582101913999153
2025-01-20,15,Monday,0,10.698275902955501,2.1396551805911,1.330012950827859,2.75694647952584,0.614441824646201
2025-01-20,16,Monday,0,12.219013154015753,2.443802630803151,2.130196852922951,2.863106161119051,0.33653952630294126
2025-01-20,17,Monday,0,12.724621215716644,2.5449242431433285,2.022348685285668,2.840033461066779,0.35496819752070896
2025-01-20,18,Monday,0,13.812217512671566,2.762443502534313,2.164474434407401,3.369336969560067,0.599404598286911
2025-01-20,19,Monday,0,14.42869105100728,2.885738210201456,2.2463113049912047,3.708854534285944,0.5952019764856162
2025-01-20,20,Monday,0,12.744111439761447,2.5488222879522895,1.702756262186459,3.954626701718124,0.8447372988334981
2025-01-20,21,Monday,0,10.212587940376535,2.042517588075307,1.739908074081087,2.338065369872288,0.2849924008192562
2025-01-20,22,Monday,0,13.31682830366208,2.663365660732416,1.8072474307519129,3.013449686524068,0.5038889402682487
2025-01-20,23,Monday,0,13.071049459193038,2.6142098918386076,1.8698084899862564,2.9314607893059144,0.42545279402522673
2025-01-21,0,Tuesday,1,12.021079014064625,2.4042158028129252,1.7284542634636693,3.014824988428298,0.5254342471074347
2025-01-21,1,Tuesday,1,13.457713797543573,2.6915427595087147,2.320725145361332,3.0050745808362835,0.2804704519568215
2025-01-21,2,Tuesday,1,14.136003331766457,2.827200666353291,2.240902172738557,3.3219154276822853,0.5006278502148256
2025-01-21,3,Tuesday,1,11.70941139486038,2.341882278972076,1.386456378369647,3.519929850542058,0.7689096670577654
2025-01-21,4,Tuesday,1,11.683879950919199,2.3367759901838396,1.7992860569529114,2.674440034226151,0.36354623234396954
2025-01-21,5,Tuesday,1,12.745676844141808,2.549135368828362,2.104221198395281,3.3280453047711083,0.48270552785342585
2025-01-21,6,Tuesday,1,12.958178438959017,2.591635687791803,2.2074327635384163,2.8804197026380347,0.2749641019293376
2025-01-21,7,Tuesday,1,9.988697070145117,1.9977394140290232,1.1146800226050104,2.5923805468522025,0.6753738839375587
2025-01-21,8,Tuesday,1,13.134986130888358,2.6269972261776715,2.2035820776743544,3.292037214401554,0.4355642952183295
2025-01-21,9,Tuesday,1,11.813986588685303,2.3627973177370607,2.136133410944816,2.7103425384638955,0.23734870743504227
2025-01-21,10,Tuesday,1,10.901372098115292,2.1802744196230583,1.7520072620317944,2.592363680361633,0.3730070229897119
2025-01-21,11,Tuesday,1,10.03831366339122,2.007662732678244,1.0275608721099767,2.6047229414214974,0.6709959883554523
2025-01-21,12,Tuesday,1,14.155127167934339,2.8310254335868676,1.9501507656709849,3.274687376742871,0.5305376914923868
2025-01-21,13,Tuesday,1,11.733667370042095,2.346733474008419,1.919743809414115,2.687468809411966,0.3282355200317766
2025-01-21,14,Tuesday,1,12.595833151108149,2.51916663022163,1.74520998903162,3.1896318124278835,0.5173817272811215
2025-01-21,15,Tuesday,1,10.824332387007413,2.1648664774014827,1.460416307294904,2.8591219380341486,0.5555901017659067
2025-01-21,16,Tuesday,1,13.808981061998914,2.7617962123997826,2.231123714403963,3.035646088606588,0.312508416239188
2025-01-21,17,Tuesday,1,12.192947747301488,2.4385895494602976,1.4164861431411089,2.9938539519704896,0.6419646597896181
2025-01-21,18,Tuesday,1,11.915994569987319,2.3831989139974636,1.2663119242036622,3.069743100967201,0.780628867609889
2025-01-21,19,Tuesday,1,11.04692110990378,2.209384221980756,1.3433339028222877,2.768302989057876,0.6205375494788377
2025-01-21,20,Tuesday,1,12.391305397146553,2.4782610794293105,2.16784236995874,2.983519611207853,0.311547447359092
2025-01-21,21,Tuesday,1,11.365814910798093,2.2731629821596187,2.03582141730998,2.730230931118484,0.27129799840181407
2025-01-21,22,Tuesday,1,12.18034271186929,2.436068542373858,1.635964135983747,2.687960020472324,0.4496914331556381
2025-01-21,23,Tuesday,1,12.316661201829717,2.4633322403659434,1.3406516169401217,3.513708138630625,0.9431851880679853
2025-01-22,0,Wednesday,2,15.286612898003005,3.057322579600601,2.501510542011399,3.900904327081836,0.5238351219477826
2025-01-22,1,Wednesday,2,12.434331844091489,2.4868663688182977,2.061999639349929,2.8926966535539256,0.36499778500456964
2025-01-22,2,Wednesday,2,12.354608855290891,2.4709217710581783,2.1221661136479724,2.721016969311365,0.24243430737343177
2025-01-22,3,Wednesday,2,11.35555912320228,2.271111824640456,1.864704770058339,3.062822502009124,0.4698700163913573
2025-01-22,4,Wednesday,2,12.905702934480438,2.5811405868960877,2.289562570152686,2.8254623001950687,0.19905280393564712
2025-01-22,5,Wednesday,2,10.585577141108104,2.117115428221621,1.7085456618735997,2.5402327187357554,0.36899075638883544
2025-01-22,6,Wednesday,2,11.840960711103333,2.368192142220667,1.6962572747784774,3.7409445476716616,0.7924127393590813
2025-01-22,7,Wednesday,2,12.468344824427804,2.493668964885561,1.8904760589059573,3.0229313092178645,0.4507919349251894
2025-01-22,8,Wednesday,2,13.021295477961095,2.604259095592219,2.2022484519218297,3.058291524966664,0.3365007302350908
2025-01-22,9,Wednesday,2,11.478904258691019,2.2957808517382037,1.778892642059235,3.0771515836439782,0.4991866632750899
2025-01-22,10,Wednesday,2,11.458945296078445,2.291789059215689,1.479309676496852,3.014547955408612,0.5482358680920358
2025-01-22,11,Wednesday,2,13.383618211505185,2.676723642301037,1.9958705694944865,3.004703182213324,0.429142255219584
2025-01-22,12,Wednesday,2,13.308711911714306,2.661742382342861,1.6913522766807798,3.6226337593660105,0.7409059682404218
2025-01-22,13,Wednesday,2,13.010454739432932,2.6020909478865866,1.884457348582258,3.0826801475167325,0.4754282592782468
2025-01-22,14,Wednesday,2,12.54188271000301,2.508376542000602,2.280725503158844,2.728460127998031,0.18164866929373738
2025-01-22,15,Wednesday,2,13.282070526102064,2.6564141052204127,2.455069812631002,2.826346663969137,0.1802596983187782
2025-01-22,16,Wednesday,2,12.124558379917111,2.4249116759834224,2.045869746164232,2.861269711941681,0.2972146241156508
2025-01-22,17,Wednesday,2,11.997630974271555,2.399526194854311,1.6231817184043926,3.1195851395693923,0.646505006515017
2025-01-22,18,Wednesday,2,11.742232676802127,2.3484465353604254,1.2372408566835356,3.711235497207027,1.007076655386578
2025-01-22,19,Wednesday,2,11.140894454312683,2.2281788908625364,1.7881323965971403,2.9354358596628574,0.43467755128195723
2025-01-22,20,Wednesday,2,10.685749032389491,2.137149806477898,1.5308982522871604,2.563238598929135,0.3921434225393524
2025-01-22,21,Wednesday,2,12.054905205979384,2.410981041195877,2.0302650913062714,3.289302990707218,0.516468038172572
2025-01-22,22,Wednesday,2,13.388576702626237,2.677715340525247,1.9382760917751631,3.341545890324624,0.546691993195695
2025-01-22,23,Wednesday,2,11.933848590742375,2.386769718148475,1.6669080156986449,2.758415630539185,0.44296159286065145
2025-01-23,0,Thursday,3,14.018338718144904,2.8036677436289805,2.226464924690528,3.2764187558145528,0.4630882943254198
2025-01-23,1,Thursday,3,14.434105341974655,2.886821068394931,2.572686493252518,3.227006741732933,0.2488844380689913
2025-01-23,2,Thursday,3,10.58698874321495,2.1173977486429902,1.780326568587598,2.332650411592549,0.21732934735681914
2025-01-23,3,Thursday,3,11.98881401291459,2.397762802582918,2.171480836918591,2.6315698014381708,0.1724360339202299
2025-01-23,4,Thursday,3,11.380573431346214,2.276114686269243,1.582298135391235,2.85231339846484,0.49668772319293286
2025-01-23,5,Thursday,3,15.38399829719188,3.076799659438376,2.612499775726492,3.4584035405527778,0.3528031784603219
2025-01-23,6,Thursday,3,14.725946056256765,2.945189211251353,2.4642688201455427,3.743301916797447,0.4839253400414723
2025-01-23,7,Thursday,3,10.631450934151848,2.12629018683037,1.592930541684178,2.9509278250981565,0.5454790420359382
2025-01-23,8,Thursday,3,13.681152494809808,2.7362304989619615,1.966115488692051,3.6028816367282968,0.601664330101206
2025-01-23,9,Thursday,3,14.090513941935288,2.8181027883870575,2.49881636095463,3.161954793892505,0.3056216195146301
2025-01-23,10,Thursday,3,11.850451151117731,2.3700902302235463,2.0949414090360508,2.710410950863529,0.2670295590868707
2025-01-23,11,Thursday,3,12.080642697868587,2.4161285395737173,1.8642285419381184,3.012610637053463,0.5571764453214227
2025-01-23,12,Thursday,3,13.92433776071406,2.784867552142812,2.2928979893681216,3.386482694315168,0.4414431089562058
2025-01-23,13,Thursday,3,11.82910918922623,2.365821837845246,2.0470230331232413,2.766072035803643,0.28006499173947547
2025-01-23,14,Thursday,3,12.376403864998618,2.4752807729997235,2.2972345884616523,2.619263315459824,0.1439774901033859
2025-01-23,15,Thursday,3,11.44541348201585,2.28908269640317,1.8512532475004535,2.7872981351076014,0.3781689096155883
2025-01-23,16,Thursday,3,12.343027941293073,2.4686055882586144,1.8260722714907216,2.9534867395096414,0.5048236252032564
2025-01-23,17,Thursday,3,10.772649282061883,2.1545298564123767,1.6064500873798528,2.9964214881661544,0.6017878521869103
2025-01-23,18,Thursday,3,12.31815343838614,2.4636306876772283,1.6492981744544593,3.552909884331079,0.6953080265592978
2025-01-23,19,Thursday,3,11.748239852834573,2.3496479705669144,1.707564339843227,3.2667585114349893,0.6307375691210961
2025-01-23,20,Thursday,3,12.571396097060884,2.5142792194121766,1.6984399329609232,3.303326793024225,0.7184246197232649
2025-01-23,21,Thursday,3,12.524120321402812,2.5048240642805624,1.835176757321808,3.159359597350252,0.5815752703595475
2025-01-23,22,Thursday,3,13.309155774451282,2.6618311548902565,2.4367894237034533,2.9631276219139493,0.21305534972378373
2025-01-23,23,Thursday,3,11.871644481032526,2.3743288962065052,1.995215701940726,2.9853812866989644,0.39726645351954953
2025-01-24,0,Friday,4,11.91611679284432,2.383223358568864,1.915243382097544,2.820701183831139,0.323333096953462
2025-01-24,1,Friday,4,13.199868989745488,2.6399737979490974,2.293120170604801,2.863602102200157,0.21923997517346328
2025-01-24,2,Friday,4,12.894240118668316,2.5788480237336633,2.2300400873246478,3.3277004821007057,0.4294564410469059
2025-01-24,3,Friday,4,13.014023351159537,2.602804670231907,2.494508279762889,2.699299205124317,0.0899605623402856
2025-01-24,4,Friday,4,13.285661211160285,2.657132242232057,1.6966890129454302,3.241414398620796,0.6113478405905203
2025-01-24,5,Friday,4,11.292920264259607,2.2585840528519214,1.4574452526124753,2.9016929081305847,0.573693059005342
2025-01-24,6,Friday,4,13.4377208727686,2.68754417455372,2.1643827162646225,3.1634760537026936,0.41747904205231373
2025-01-24,7,Friday,4,11.060943645496213,2.2121887290992426,2.0196964501540045,2.572671038048699,0.21072659959072806
2025-01-24,8,Friday,4,13.20256956185309,2.640513912370618,2.0004359920224783,3.4572027888388206,0.5765240515867901
2025-01-24,9,Friday,4,11.670763692197346,2.334152738439469,1.9720672562564705,2.608399896542728,0.294567250910372
2025-01-24,10,Friday,4,12.298119899530972,2.4596239799061945,2.035056008632536,2.893239924632924,0.34581541228487395
2025-01-24,11,Friday,4,11.59344209572961,2.3186884191459223,1.9703409800679823,2.509424066050327,0.21531844774589343
2025-01-24,12,Friday,4,12.534088341523487,2.5068176683046977,1.8848669194523653,3.1972321486906106,0.46567082401087795
2025-01-24,13,Friday,4,12.01984452127845,2.40396890425569,1.9826856074163093,3.449646542821585,0.5961276751328899
2025-01-24,14,Friday,4,10.651934687408882,2.1303869374817763,1.3569529389130237,2.7927985380246194,0.5163459223543312
2025-01-24,15,Friday,4,10.936603388456835,2.1873206776913667,1.4954856265171446,2.770460371732216,0.5623765020022747
2025-01-24,16,Friday,4,12.164759715586328,2.4329519431172657,1.9139658546761495,2.94615164044229,0.4271978892920486
2025-01-24,17,Friday,4,10.87163582569303,2.174327165138606,1.6200777662032193,2.754279916428401,0.5110606257018058
2025-01-24,18,Friday,4,14.12224127351188,2.824448254702376,2.2001183421475017,3.4660927819532383,0.5460352039509013
2025-01-24,19,Friday,4,13.502137729994022,2.7004275459988043,2.190177263359348,3.372626437384464,0.4461486696062629
2025-01-24,20,Friday,4,14.233087187664523,2.8466174375329047,2.490214563756576,3.2101395865469007,0.31357683570834555
2025-01-24,21,Friday,4,12.632726082405418,2.5265452164810833,2.315811433335442,2.6973572196077256,0.1828227736750447
2025-01-24,22,Friday,4,12.311135669668456,2.462227133933691,1.7866074310049074,3.315447494834218,0.5600881093430565
2025-01-24,23,Friday,4,12.38643241926641,2.4772864838532818,1.7032724776618935,3.338877376762966,0.5857127229447052
2025-01-25,0,Saturday,5,12.174447954623943,2.4348895909247887,2.0051709402264484,2.7750245885945954,0.31867327362529535
2025-01-25,1,Saturday,5,13.834780892477639,2.7669561784955277,1.88784675123706,3.5177226287170584,0.5840035113328768
2025-01-25,2,Saturday,5,11.834507944683965,2.366901588936793,1.812560110562393,3.189957312856798,0.5237560187763856
2025-01-25,3,Saturday,5,12.47100527693125,2.4942010553862497,2.1252260221155272,2.857574341624475,0.33453102229114007
2025-01-25,4,Saturday,5,11.762408508642677,2.3524817017285353,1.7312892260453898,2.6538325870782207,0.3606588262044903
2025-01-25,5,Saturday,5,14.07902236871516,2.815804473743032,2.4629479313245564,3.25270733114611,0.32076556898124253
2025-01-25,6,Saturday,5,13.4490327547014,2.68980655094028,2.5747334670469617,2.7813719772159637,0.08974791487880059
2025-01-25,7,Saturday,5,12.09750731435878,2.419501462871756,2.000206106301337,2.808540636536992,0.3689736630584698
2025-01-25,8,Saturday,5,11.066061417960963,2.213212283592193,1.6928112474179056,2.5925077179063947,0.4196829942439376
2025-01-25,9,Saturday,5,13.78205705483972,2.756411410967944,1.3422266090616484,3.316057026799035,0.8399430594636944
2025-01-25,10,Saturday,5,11.4321899844178,2.28643799688356,1.3770269591098738,2.8627195631404128,0.5732534230907442
2025-01-25,11,Saturday,5,12.812207424581887,2.5624414849163775,2.344714748493709,2.7545840021121526,0.16890088864019903
2025-01-25,12,Saturday,5,12.210077700887892,2.4420155401775783,1.925572459393436,3.222883083000173,0.5967997237564424
2025-01-25,13,Saturday,5,12.624359769727688,2.5248719539455378,1.8674918997644137,3.4102009924037686,0.6047473765353644
2025-01-25,14,Saturday,5,11.182746011661562,2.2365492023323124,2.044215740611825,2.427423243043074,0.15398332886937796
2025-01-25,15,Saturday,5,13.097411139769093,2.6194822279538186,2.117204517863209,3.1821356720925245,0.3839623545755858
2025-01-25,16,Saturday,5,12.144505985506246,2.4289011971012493,1.841527724596176,2.867563699415369,0.38103335044488373
2025-01-25,17,Saturday,5,14.55456122971759,2.910912245943518,2.256394948461498,3.820066753414088,0.6546229014529104
2025-01-25,18,Saturday,5,10.366963129492483,2.0733926258984967,1.7844301545608772,2.2633480700604203,0.24152080117834573
2025-01-25,19,Saturday,5,15.114921368511569,3.022984273702314,2.427988929724005,3.831808319269265,0.5133680002490035
2025-01-25,20,Saturday,5,13.895718750702347,2.779143750140469,2.257502348191445,3.627850926093905,0.5481197057580285
2025-01-25,21,Saturday,5,10.779150026133149,2.1558300052266297,1.4319858678778274,2.5296799041121485,0.45436361965370736
2025-01-25,22,Saturday,5,13.799140656906513,2.7598281313813025,2.010932796552184,3.483843476915663,0.5285085273369278
2025-01-25,23,Saturday,5,11.116505241923807,2.2233010483847613,1.128222379731847,2.914978939430827,0.6871781821676517
2025-01-26,0,Sunday,6,11.439983830521067,2.2879967661042135,0.7488365859847452,3.081885302114523,0.982627490576379
2025-01-26,1,Sunday,6,12.08967921348907,2.417935842697814,0.8927672428373503,3.0956517149104004,0.8900128366436013
2025-01-26,2,Sunday,6,10.44193343468947,2.088386686937894,1.3045036399586625,2.8420807948774893,0.6064981200966012
2025-01-26,3,Sunday,6,13.244226612661821,2.648845322532364,2.3475541857383466,3.3018827723197317,0.376605879263335
2025-01-26,4,Sunday,6,13.362153357420494,2.672430671484099,1.826064724422949,3.569554421797131,0.640996721468868
2025-01-26,5,Sunday,6,12.583436771751774,2.516687354350355,2.286518560626483,2.7358445260686324,0.1943611666046858
2025-01-26,6,Sunday,6,13.690675761613388,2.738135152322678,2.30405088433929,3.391131123937367,0.4302932691313339
2025-01-26,7,Sunday,6,10.348169961400833,2.0696339922801665,1.3645373764091089,2.530417283113195,0.4855263733875754
2025-01-26,8,Sunday,6,11.832871863206595,2.366574372641319,1.309935484405669,3.2810544795055083,0.7696470914800857
2025-01-26,9,Sunday,6,10.276358157104326,2.055271631420865,1.123301419516733,3.087194265885428,0.6966951492684438
2025-01-26,10,Sunday,6,11.852952206831553,2.3705904413663106,1.921287791369548,3.177848854373302,0.5241284475121745
2025-01-26,11,Sunday,6,11.920189321994465,2.384037864398893,1.5295342313327192,2.858269176675201,0.5273467362874849
2025-01-26,12,Sunday,6,14.736580430134367,2.9473160860268734,2.72192064997074,3.5086202418936123,0.32525646188906027
2025-01-26,13,Sunday,6,13.118228694672787,2.6236457389345573,1.9316978946214796,3.0657478850543542,0.482352544340975
2025-01-26,14,Sunday,6,14.594965209089494,2.918993041817899,2.4496828668648902,3.3671900413771345,0.32569954017776676
2025-01-26,15,Sunday,6,12.306091648874286,2.4612183297748573,1.9494662103993847,3.227290639754242,0.6417651551814538
2025-01-26,16,Sunday,6,13.537717701542519,2.707543540308504,2.465621735329601,2.9873041253811934,0.23107935487430414
2025-01-26,17,Sunday,6,15.4173425606321,3.0834685121264203,2.679628392462386,3.4354496364946097,0.33397565615763586
2025-01-26,18,Sunday,6,12.280674192951286,2.4561348385902573,1.751095288474106,2.9279949955229245,0.436491947290041
2025-01-26,19,Sunday,6,14.227433915985927,2.8454867831971855,2.2589685691334487,3.157175885780957,0.36725334718326463
2025-01-26,20,Sunday,6,11.957410922600825,2.3914821845201653,2.113504303028252,2.798102642610854,0.2650642876047761
2025-01-26,21,Sunday,6,13.504882931711357,2.7009765863422714,2.155427609787141,3.4604724241824427,0.5311117743905993
2025-01-26,22,Sunday,6,12.203976209454051,2.44079524189081,1.6822126554378989,3.168694226721174,0.6396155817513253
2025-01-26,23,Sunday,6,12.858987130621744,2.571797426124349,1.3384552118991948,3.550713852629123,0.7982778232407114
2025-01-27,0,Monday,0,13.175767837944486,2.635153567588897,2.391480123088501,2.894529011944581,0.23079287334467782
2025-01-27,1,Monday,0,11.301202710335536,2.2602405420671072,1.9069022702428773,3.02578511406754,0.4831680441528916
2025-01-27,2,Monday,0,13.049132823474816,2.609826564694963,2.301063575261887,2.918650438859311,0.28891289176241114
2025-01-27,3,Monday,0,11.53469723024136,2.306939446048272,1.2924910899489532,3.263345181090636,0.7076604981811024
2025-01-27,4,Monday,0,11.467145107887832,2.2934290215775666,1.774707482191273,3.11633848693677,0.5497335728964307
2025-01-27,5,Monday,0,10.16386432326938,2.032772864653876,1.462733925848274,2.3673381617431053,0.3423305671822053
2025-01-27,6,Monday,0,13.092090202160687,2.6184180404321373,1.483146141604236,3.394456833226388,0.7227743488710091
2025-01-27,7,Monday,0,11.369288439456849,2.2738576878913697,1.5047411070259649,2.8216329000349685,0.5204491288852032
2025-01-27,8,Monday,0,13.275056046964169,2.6550112093928337,1.981024335851682,3.043966583438445,0.4197002584294124
2025-01-27,9,Monday,0,11.293461157662485,2.258692231532497,1.0828576368396146,2.9529783113998174,0.7853840362157036
2025-01-27,10,Monday,0,10.840815219780596,2.1681630439561195,1.6415465790272046,2.749812468300365,0.5319483159556847
2025-01-27,11,Monday,0,12.971574514469996,2.5943149028939994,2.0738463344574143,2.9912211506177284,0.40072449577480435
2025-01-27,12,Monday,0,13.187034850236476,2.6374069700472953,2.364118183099578,3.0085648732866925,0.27781908043653214
2025-01-27,13,Monday,0,11.926270656762252,2.3852541313524505,1.929060800478087,2.802754877754178,0.3143030416996044
2025-01-27,14,Monday,0,12.491801206417357,2.4983602412834713,2.05647757893719,2.842591051706146,0.3268515429534339
2025-01-27,15,Monday,0,11.6806315281537,2.33612630563074,1.6660721875689777,3.1462353054982084,0.5662040377767117
2025-01-27,16,Monday,0,12.927388544411517,2.5854777088823035,1.9753721731979912,2.9758852379433822,0.37841973154607933
2025-01-27,17,Monday,0,12.626236791775929,2.5252473583551858,1.257498900669333,3.160768737436988,0.782219574089853
2025-01-27,18,Monday,0,13.805047218870692,2.7610094437741384,2.277288564687173,3.29593756160013,0.4509993017953632
2025-01-27,19,Monday,0,14.008776160997801,2.80175523219956,2.179112171848573,3.162597894153054,0.4322990848084095
2025-01-27,20,Monday,0,12.213742286185013,2.442748457237003,1.9323399446555287,2.9146324653127853,0.3639624305892231
2025-01-27,21,Monday,0,12.236794390099696,2.4473588780199393,2.035851935522431,2.892622174114619,0.4125007080277125
2025-01-27,22,Monday,0,14.488980204684182,2.8977960409368366,2.422875127378379,3.711670534952355,0.562298517017451
2025-01-27,23,Monday,0,10.24014620248775,2.04802924049755,1.3293684387976108,2.6047653629531133,0.536536732793636
2025-01-28,0,Tuesday,1,14.555133085134653,2.9110266170269306,2.2356363168171565,3.6221494821106126,0.600210398764903
2025-01-28,1,Tuesday,1,12.64784227496856,2.5295684549937123,1.6283605029133994,2.983247707173955,0.5311415562664534
2025-01-28,2,Tuesday,1,11.41728418636711,2.2834568372734223,1.746575777638363,2.5993831212530747,0.3341553153919152
2025-01-28,3,Tuesday,1,12.838165992849293,2.5676331985698586,1.809480431284057,3.516159491820224,0.6414591073551524
2025-01-28,4,Tuesday,1,14.89249287043205,2.97849857408641,2.48287548932628,4.04996107297116,0.6196803113601722
2025-01-28,5,Tuesday,1,13.1165526987981,2.62331053975962,2.245018886991887,3.4502001330788445,0.47486174838931566
2025-01-28,6,Tuesday,1,13.029950188086428,2.6059900376172855,1.9611738916036128,3.105454781997985,0.41555874770682244
2025-01-28,7,Tuesday,1,12.115707563376745,2.423141512675349,2.1023481502851498,2.942214769057868,0.3243813261041019
2025-01-28,8,Tuesday,1,12.649945952995143,2.5299891905990286,2.076524273023509,3.325811394930734,0.517706195861563
2025-01-28,9,Tuesday,1,13.132831317242921,2.6265662634485842,1.8493534357286787,3.300095041063709,0.5583811392444598
2025-01-28,10,Tuesday,1,11.257934213395313,2.2515868426790626,1.6912770635838377,3.236054544713867,0.5959180960758247
2025-01-28,11,Tuesday,1,11.983499999654441,2.3966999999308882,1.8799371139211896,3.101342827983026,0.4428883237346935
2025-01-28,12,Tuesday,1,13.762548029722273,2.7525096059444545,2.2800270077855678,3.429018112626711,0.5345894073468442
2025-01-28,13,Tuesday,1,13.244118109627712,2.6488236219255423,2.095173436925509,3.3783441366190683,0.5335189558097084
2025-01-28,14,Tuesday,1,12.592481811270472,2.5184963622540946,2.1942622879534546,3.1046731506557803,0.37545671723024154
2025-01-28,15,Tuesday,1,11.287983653865659,2.2575967307731317,1.650988370906529,2.5401039001687904,0.3574346623413019
2025-01-28,16,Tuesday,1,12.590359672756431,2.518071934551286,2.115597440974663,3.4651876221186475,0.5484670807442101
2025-01-28,17,Tuesday,1,14.417585720167093,2.8835171440334184,2.16207313449383,3.71435048518469,0.6058552034915784
2025-01-28,18,Tuesday,1,14.564658512250572,2.9129317024501145,2.407047759911733,3.5877017261753816,0.49412144591394
2025-01-28,19,Tuesday,1,13.040360696325372,2.6080721392650745,1.7956323621474022,3.4136872914458487,0.6768212288427385
2025-01-28,20,Tuesday,1,12.603442068389239,2.520688413677848,1.903360524185277,2.899286142667512,0.4160849275485854
2025-01-28,21,Tuesday,1,11.541091054323548,2.30821821086471,1.8701033433183816,2.6879098035798874,0.3732988334259711
2025-01-28,22,Tuesday,1,12.487066999882357,2.4974133999764714,2.137548480570318,2.917951436354924,0.30489688812232585
2025-01-28,23,Tuesday,1,12.294702840789121,2.458940568157824,1.062621062868573,3.514370836317272,0.8878361599065642
2025-01-29,0,Wednesday,2,14.094077805093962,2.818815561018792,2.362969831738243,3.7946638819931886,0.5848652596939905
2025-01-29,1,Wednesday,2,11.241325018194672,2.2482650036389344,1.8543799077233405,3.1128847332398557,0.5516118473499246
2025-01-29,2,Wednesday,2,13.0054833885943,2.6010966777188598,2.235384319746576,2.893532126432901,0.2950175903924586
2025-01-29,3,Wednesday,2,14.241456562866174,2.848291312573235,1.9403200669144276,3.277130846424734,0.5848251737245866
2025-01-29,4,Wednesday,2,11.740259791312711,2.348051958262542,2.178821408525693,2.5403545506775145,0.13287834606313892
2025-01-29,5,Wednesday,2,11.973465796500781,2.3946931593001564,1.832320122089239,2.8511546836534736,0.423999755270821
2025-01-29,6,Wednesday,2,13.36786130248662,2.673572260497324,1.85412365173651,3.35955906188616,0.5574533230429816
2025-01-29,7,Wednesday,2,11.704720628000919,2.340944125600184,1.3196998248955434,3.008595236133436,0.6213586501495767
2025-01-29,8,Wednesday,2,13.155445814344876,2.6310891628689754,1.271388921016562,3.967113092972882,1.0304389420960007
2025-01-29,9,Wednesday,2,12.800499098124735,2.560099819624947,1.428755094075414,3.30761448857198,0.6942252570638855
2025-01-29,10,Wednesday,2,11.95646590070095,2.39129318014019,1.86897352670811,2.7509269466680903,0.3593950427546753
2025-01-29,11,Wednesday,2,11.666911124978057,2.3333822249956113,0.9427429186300842,3.039699813976637,0.8735268137888963
2025-01-29,12,Wednesday,2,11.224833034340561,2.244966606868112,1.4358100784291246,2.925691111201345,0.5337981189899134
2025-01-29,13,Wednesday,2,12.020810614330253,2.4041621228660506,2.0975329494565003,2.76994368559752,0.3005956652062022
2025-01-29,14,Wednesday,2,12.673916912644966,2.5347833825289934,2.1824314545753145,3.35666779708168,0.4860445363306527
2025-01-29,15,Wednesday,2,13.297459330654602,2.6594918661309204,2.0192185665239406,2.952160002505169,0.3673522372958282
2025-01-29,16,Wednesday,2,12.713074472947346,2.542614894589469,2.1567880481174377,2.9660341084695103,0.34577279069483274
2025-01-29,17,Wednesday,2,11.833704768920496,2.3667409537840993,1.5618071348789089,3.0728272195831168,0.5849595567254996
2025-01-29,18,Wednesday,2,12.43887835320801,2.487775670641602,1.8477062283683043,3.726642386384585,0.726603752781555
2025-01-29,19,Wednesday,2,12.858914566989789,2.571782913397958,2.0107293010588254,3.3505917523070536,0.5683869510361322
2025-01-29,20,Wednesday,2,12.763936655515703,2.552787331103141,2.197127451423013,2.9093529104727445,0.2621325532440123
2025-01-29,21,Wednesday,2,12.90378804711572,2.580757609423144,2.271624175521434,2.939933607585301,0.24563450818176477
2025-01-29,22,Wednesday,2,12.33803721272908,2.467607442545816,1.8732007056907656,3.269833872384265,0.534891434859331
2025-01-29,23,Wednesday,2,11.34938921212536,2.269877842425072,1.3577843915839325,3.043857293241204,0.7240308925320629
2025-01-30,0,Thursday,3,12.481500594141048,2.4963001188282097,1.8036583008358176,3.212172928471367,0.5936486336045398
2025-01-30,1,Thursday,3,10.7522277008149,2.15044554016298,1.749166821253202,2.559707501869855,0.3350811995022769
2025-01-30,2,Thursday,3,13.533161298800444,2.706632259760089,1.689303424198692,3.0607719962783406,0.5720283000622909
2025-01-30,3,Thursday,3,13.197312558311253,2.6394625116622508,2.37219389469954,2.97501891545058,0.2357858672703512
2025-01-30,4,Thursday,3,12.015488843443148,2.4030977686886295,1.816119927334277,2.8481229203382066,0.40059610247940314
2025-01-30,5,Thursday,3,11.661041310068622,2.3322082620137246,1.9525153346953743,2.925623125249367,0.3735482832337937
2025-01-30,6,Thursday,3,11.286394994997508,2.2572789989995017,1.8357391812250428,2.7998517529186357,0.36608794139422357
2025-01-30,7,Thursday,3,9.442404255059474,1.8884808510118947,0.6398078247736312,2.8182554237020567,0.8519325462960158
2025-01-30,8,Thursday,3,13.095698354727492,2.6191396709454984,2.23442805287373,3.277680156697077,0.4292909121865962
2025-01-30,9,Thursday,3,12.36051246522585,2.47210249304517,1.3136556408326796,3.103814998506241,0.7487866740269739
2025-01-30,10,Thursday,3,15.343659566427059,3.068731913285412,2.0721467612683324,3.5644520647368405,0.5790065427482796
2025-01-30,11,Thursday,3,12.413454576867306,2.4826909153734613,1.9647286774302677,3.730749730481072,0.7092097061514233
2025-01-30,12,Thursday,3,13.181651648641633,2.6363303297283265,1.827614746050978,3.057809187930845,0.49331158343011355
2025-01-30,13,Thursday,3,13.30263060786668,2.6605261215733362,1.7653854862733207,3.54573275591887,0.6598430241297301
2025-01-30,14,Thursday,3,11.996708971631445,2.399341794326289,1.9972579747606705,3.3293187460579023,0.5340351855249604
2025-01-30,15,Thursday,3,13.812187404018644,2.7624374808037286,2.0840535261958446,3.256163104645913,0.42969860007306476
2025-01-30,16,Thursday,3,12.098235649227096,2.419647129845419,2.0158983118361355,2.9684864875909525,0.3927575360010303
2025-01-30,17,Thursday,3,12.413573866474504,2.4827147732949006,1.9233122411663133,3.363734171161729,0.5967715007181137
2025-01-30,18,Thursday,3,11.169730046060362,2.2339460092120724,1.7347618455931535,2.4988955866775475,0.35550391436642986
2025-01-30,19,Thursday,3,13.710512187979035,2.7421024375958067,2.425146280254284,3.574970009604741,0.4780971526764627
2025-01-30,20,Thursday,3,13.773639872375353,2.754727974475071,2.295585891536532,3.282904249528322,0.40091212184006925
2025-01-30,21,Thursday,3,13.499151486936826,2.6998302973873654,2.437308442584487,3.228574651877805,0.3055893132928257
2025-01-30,22,Thursday,3,14.37102668775097,2.874205337550194,2.548815099704949,3.2395982237317607,0.2634027996478717
2025-01-30,23,Thursday,3,11.488981167508387,2.2977962335016775,1.527206532553547,2.767730687821251,0.510480199823076
