timestamp,energy_consumption,hour,day_name
2025-01-01 00:00:00,1.5085060579006826,0,Wednesday
2025-01-01 01:00:00,1.8348896249592372,1,Wednesday
2025-01-01 02:00:00,1.547881736853169,2,Wednesday
2025-01-01 03:00:00,2.132027567335375,3,Wednesday
2025-01-01 04:00:00,2.13895548615055,4,Wednesday
2025-01-01 05:00:00,1.898910429731015,5,Wednesday
2025-01-01 06:00:00,3.423938870087265,6,Wednesday
2025-01-01 07:00:00,2.5915058669246007,7,Wednesday
2025-01-01 08:00:00,3.3747672753616103,8,Wednesday
2025-01-01 09:00:00,2.8318748200628656,9,Wednesday
2025-01-01 10:00:00,3.207735652414963,10,Wednesday
2025-01-01 11:00:00,2.014861900002739,11,Wednesday
2025-01-01 12:00:00,2.888973472917177,12,Wednesday
2025-01-01 13:00:00,3.233121417146953,13,Wednesday
2025-01-01 14:00:00,2.641421798351635,14,Wednesday
2025-01-01 15:00:00,2.189348732045955,15,Wednesday
2025-01-01 16:00:00,3.2023234162674394,16,Wednesday
2025-01-01 17:00:00,2.75771541765216,17,Wednesday
2025-01-01 18:00:00,2.890027914307044,18,Wednesday
2025-01-01 19:00:00,2.277607245321432,19,Wednesday
2025-01-01 20:00:00,2.1917632932626607,20,Wednesday
2025-01-01 21:00:00,2.338169150353365,21,Wednesday
2025-01-01 22:00:00,2.2430005700485065,22,Wednesday
2025-01-01 23:00:00,2.589950854104345,23,Wednesday
2025-01-02 00:00:00,1.5776253879680413,0,Thursday
2025-01-02 01:00:00,2.438957766847605,1,Thursday
2025-01-02 02:00:00,2.559636387061423,2,Thursday
2025-01-02 03:00:00,3.1936354131866613,3,Thursday
2025-01-02 04:00:00,3.3053344691862456,4,Thursday
2025-01-02 05:00:00,2.014983367885648,5,Thursday
2025-01-02 06:00:00,1.5721249321437345,6,Thursday
2025-01-02 07:00:00,2.6506113565327274,7,Thursday
2025-01-02 08:00:00,2.0895314700582244,8,Thursday
2025-01-02 09:00:00,2.1782090342891878,9,Thursday
2025-01-02 10:00:00,2.5102001092271164,10,Thursday
2025-01-02 11:00:00,3.2974350078683403,11,Thursday
2025-01-02 12:00:00,2.111512994872548,12,Thursday
2025-01-02 13:00:00,2.4819709908707432,13,Thursday
2025-01-02 14:00:00,1.2485038672334794,14,Thursday
2025-01-02 15:00:00,2.7864138231124427,15,Thursday
2025-01-02 16:00:00,2.9035171818366217,16,Thursday
2025-01-02 17:00:00,2.5674393416102093,17,Thursday
2025-01-02 18:00:00,1.6644600933292146,18,Thursday
2025-01-02 19:00:00,2.9542132675145747,19,Thursday
2025-01-02 20:00:00,2.21707359430906,20,Thursday
2025-01-02 21:00:00,2.101031665271184,21,Thursday
2025-01-02 22:00:00,2.513427035895313,22,Thursday
2025-01-02 23:00:00,2.7279831530989584,23,Thursday
2025-01-03 00:00:00,2.537088751479293,0,Friday
2025-01-03 01:00:00,3.01108029479549,1,Friday
2025-01-03 02:00:00,2.697581434763822,2,Friday
2025-01-03 03:00:00,2.511935069537466,3,Friday
2025-01-03 04:00:00,3.8330962613231616,4,Friday
2025-01-03 05:00:00,2.920821895387033,5,Friday
2025-01-03 06:00:00,2.6874964378050707,6,Friday
2025-01-03 07:00:00,3.540346214962029,7,Friday
2025-01-03 08:00:00,2.3935753838155063,8,Friday
2025-01-03 09:00:00,1.989731387130909,9,Friday
2025-01-03 10:00:00,2.7979369750545118,10,Friday
2025-01-03 11:00:00,2.4707425113792723,11,Friday
2025-01-03 12:00:00,2.1786162321247384,12,Friday
2025-01-03 13:00:00,3.2152146227652607,13,Friday
2025-01-03 14:00:00,1.5956377323145874,14,Friday
2025-01-03 15:00:00,2.95195510865496,15,Friday
2025-01-03 16:00:00,2.271379524514999,16,Friday
2025-01-03 17:00:00,2.83063751280374,17,Friday
2025-01-03 18:00:00,2.7247696217266646,18,Friday
2025-01-03 19:00:00,2.18987363868703,19,Friday
2025-01-03 20:00:00,2.7039203513913668,20,Friday
2025-01-03 21:00:00,2.9143943862145267,21,Friday
2025-01-03 22:00:00,2.489299600174361,22,Friday
2025-01-03 23:00:00,2.3353259982448,23,Friday
2025-01-04 00:00:00,3.4194650255967773,0,Saturday
2025-01-04 01:00:00,2.561122759047204,1,Saturday
2025-01-04 02:00:00,3.099944253733572,2,Saturday
2025-01-04 03:00:00,2.352324743840194,3,Saturday
2025-01-04 04:00:00,2.8434597036636142,4,Saturday
2025-01-04 05:00:00,2.5362155719298443,5,Saturday
2025-01-04 06:00:00,2.487863780089904,6,Saturday
2025-01-04 07:00:00,2.9743841805090883,7,Saturday
2025-01-04 08:00:00,2.961365264893883,8,Saturday
2025-01-04 09:00:00,1.9000854303059664,9,Saturday
2025-01-04 10:00:00,2.9869119500649304,10,Saturday
2025-01-04 11:00:00,1.968521177038776,11,Saturday
2025-01-04 12:00:00,2.8356472825019097,12,Saturday
2025-01-04 13:00:00,2.279339649226098,13,Saturday
2025-01-04 14:00:00,3.413513908851628,14,Saturday
2025-01-04 15:00:00,2.53493840283152,15,Saturday
2025-01-04 16:00:00,2.797400989096918,16,Saturday
2025-01-04 17:00:00,2.579458775591003,17,Saturday
2025-01-04 18:00:00,2.843479535999692,18,Saturday
2025-01-04 19:00:00,2.3280067250334837,19,Saturday
2025-01-04 20:00:00,1.9198677858625284,20,Saturday
2025-01-04 21:00:00,2.719043213809888,21,Saturday
2025-01-04 22:00:00,2.8562442882404926,22,Saturday
2025-01-04 23:00:00,2.2133647986119764,23,Saturday
2025-01-05 00:00:00,2.4967921169454743,0,Sunday
2025-01-05 01:00:00,1.8889031748125205,1,Sunday
2025-01-05 02:00:00,2.060468872614686,2,Sunday
2025-01-05 03:00:00,3.335207513714616,3,Sunday
2025-01-05 04:00:00,2.887652276327569,4,Sunday
2025-01-05 05:00:00,3.2312505045541338,5,Sunday
2025-01-05 06:00:00,1.883876895243216,6,Sunday
2025-01-05 07:00:00,2.7142354964398283,7,Sunday
2025-01-05 08:00:00,2.415822667123644,8,Sunday
2025-01-05 09:00:00,3.003247206250732,9,Sunday
2025-01-05 10:00:00,3.049727212951028,10,Sunday
2025-01-05 11:00:00,1.7454763192349172,11,Sunday
2025-01-05 12:00:00,2.37616261098137,12,Sunday
2025-01-05 13:00:00,2.099490613224503,13,Sunday
2025-01-05 14:00:00,2.679912859779933,14,Sunday
2025-01-05 15:00:00,1.5753535411622002,15,Sunday
2025-01-05 16:00:00,3.318483049081883,16,Sunday
2025-01-05 17:00:00,3.033656014439755,17,Sunday
2025-01-05 18:00:00,2.078765260479314,18,Sunday
2025-01-05 19:00:00,2.8878996155272296,19,Sunday
2025-01-05 20:00:00,2.201139746766952,20,Sunday
2025-01-05 21:00:00,3.2278958459961187,21,Sunday
2025-01-05 22:00:00,2.028555203143437,22,Sunday
2025-01-05 23:00:00,2.5557235123091253,23,Sunday
2025-01-06 00:00:00,2.8836088491653724,0,Monday
2025-01-06 01:00:00,3.143969829603829,1,Monday
2025-01-06 02:00:00,3.20189280037385,2,Monday
2025-01-06 03:00:00,1.935000750872871,3,Monday
2025-01-06 04:00:00,2.086643946748441,4,Monday
2025-01-06 05:00:00,2.8635092384989798,5,Monday
2025-01-06 06:00:00,2.87100735189467,6,Monday
2025-01-06 07:00:00,2.380879734584591,7,Monday
2025-01-06 08:00:00,2.974791599312543,8,Monday
2025-01-06 09:00:00,2.4110612649990504,9,Monday
2025-01-06 10:00:00,3.119231145103842,10,Monday
2025-01-06 11:00:00,1.9526033320597012,11,Monday
2025-01-06 12:00:00,3.150980105103573,12,Monday
2025-01-06 13:00:00,2.382391065033276,13,Monday
2025-01-06 14:00:00,3.070951992890329,14,Monday
2025-01-06 15:00:00,2.599860623360014,15,Monday
2025-01-06 16:00:00,2.684939443175355,16,Monday
2025-01-06 17:00:00,3.1387708998670334,17,Monday
2025-01-06 18:00:00,2.2711496758044154,18,Monday
2025-01-06 19:00:00,1.8581635944081487,19,Monday
2025-01-06 20:00:00,2.466853737095443,20,Monday
2025-01-06 21:00:00,2.9871697002447384,21,Monday
2025-01-06 22:00:00,2.883512797448626,22,Monday
2025-01-06 23:00:00,1.6281671750078082,23,Monday
2025-01-07 00:00:00,1.4351066474842211,0,Tuesday
2025-01-07 01:00:00,2.51703995810786,1,Tuesday
2025-01-07 02:00:00,3.192608148702217,2,Tuesday
2025-01-07 03:00:00,2.3932113844936187,3,Tuesday
2025-01-07 04:00:00,2.5004916061236075,4,Tuesday
2025-01-07 05:00:00,2.808124833796489,5,Tuesday
2025-01-07 06:00:00,2.15693720341535,6,Tuesday
2025-01-07 07:00:00,2.398283805177196,7,Tuesday
2025-01-07 08:00:00,2.134825048867344,8,Tuesday
2025-01-07 09:00:00,2.1727919702046474,9,Tuesday
2025-01-07 10:00:00,2.0465567674858205,10,Tuesday
2025-01-07 11:00:00,2.6549682064722977,11,Tuesday
2025-01-07 12:00:00,2.525997275541746,12,Tuesday
2025-01-07 13:00:00,2.698982508381795,13,Tuesday
2025-01-07 14:00:00,2.649753030557092,14,Tuesday
2025-01-07 15:00:00,2.8898660922006982,15,Tuesday
2025-01-07 16:00:00,2.3124373612177,16,Tuesday
2025-01-07 17:00:00,3.347125935435806,17,Tuesday
2025-01-07 18:00:00,2.2390396067379217,18,Tuesday
2025-01-07 19:00:00,2.72106220231722,19,Tuesday
2025-01-07 20:00:00,3.686696289124254,20,Tuesday
2025-01-07 21:00:00,2.455557432801247,21,Tuesday
2025-01-07 22:00:00,1.9246678005267777,22,Tuesday
2025-01-07 23:00:00,2.458391568817873,23,Tuesday
2025-01-08 00:00:00,1.978020640029872,0,Wednesday
2025-01-08 01:00:00,2.005016000588623,1,Wednesday
2025-01-08 02:00:00,2.748163592343144,2,Wednesday
2025-01-08 03:00:00,2.865534732492763,3,Wednesday
2025-01-08 04:00:00,1.9136146766541509,4,Wednesday
2025-01-08 05:00:00,2.307283833670709,5,Wednesday
2025-01-08 06:00:00,2.4087122594816357,6,Wednesday
2025-01-08 07:00:00,2.429528866740801,7,Wednesday
2025-01-08 08:00:00,3.6107318587820063,8,Wednesday
2025-01-08 09:00:00,2.5714496337084367,9,Wednesday
2025-01-08 10:00:00,2.58330094126567,10,Wednesday
2025-01-08 11:00:00,2.8885992088192767,11,Wednesday
2025-01-08 12:00:00,3.417440171475545,12,Wednesday
2025-01-08 13:00:00,2.8765857714623024,13,Wednesday
2025-01-08 14:00:00,1.5987134166902206,14,Wednesday
2025-01-08 15:00:00,2.8256523682373635,15,Wednesday
2025-01-08 16:00:00,2.9413165638103216,16,Wednesday
2025-01-08 17:00:00,2.5036276483753244,17,Wednesday
2025-01-08 18:00:00,3.195034565347971,18,Wednesday
2025-01-08 19:00:00,2.3515840570930795,19,Wednesday
2025-01-08 20:00:00,2.593932050009322,20,Wednesday
2025-01-08 21:00:00,2.429353798094775,21,Wednesday
2025-01-08 22:00:00,2.331150889233047,22,Wednesday
2025-01-08 23:00:00,2.415526522903758,23,Wednesday
2025-01-09 00:00:00,2.4874836264955325,0,Thursday
2025-01-09 01:00:00,3.2770421348377203,1,Thursday
2025-01-09 02:00:00,1.4313736104924926,2,Thursday
2025-01-09 03:00:00,2.0779360235912456,3,Thursday
2025-01-09 04:00:00,3.19984914156455,4,Thursday
2025-01-09 05:00:00,2.089272150903684,5,Thursday
2025-01-09 06:00:00,1.4631200482887543,6,Thursday
2025-01-09 07:00:00,3.2725058498571498,7,Thursday
2025-01-09 08:00:00,2.363622258595649,8,Thursday
2025-01-09 09:00:00,2.6079166000848897,9,Thursday
2025-01-09 10:00:00,3.5432590819590457,10,Thursday
2025-01-09 11:00:00,2.2818473633657765,11,Thursday
2025-01-09 12:00:00,2.2969799317002773,12,Thursday
2025-01-09 13:00:00,1.9691113690549655,13,Thursday
2025-01-09 14:00:00,3.029890441284946,14,Thursday
2025-01-09 15:00:00,2.430648451357269,15,Thursday
2025-01-09 16:00:00,2.5971142715650384,16,Thursday
2025-01-09 17:00:00,2.541780869511228,17,Thursday
2025-01-09 18:00:00,2.127648328308866,18,Thursday
2025-01-09 19:00:00,3.46922487897082,19,Thursday
2025-01-09 20:00:00,2.9769257980714703,20,Thursday
2025-01-09 21:00:00,2.2028213250945807,21,Thursday
2025-01-09 22:00:00,2.9144447874044053,22,Thursday
2025-01-09 23:00:00,2.575397770135827,23,Thursday
2025-01-10 00:00:00,3.0187853289937867,0,Friday
2025-01-10 01:00:00,2.2299223336792746,1,Friday
2025-01-10 02:00:00,2.9839547487252984,2,Friday
2025-01-10 03:00:00,2.3944226340537544,3,Friday
2025-01-10 04:00:00,2.8846413271044757,4,Friday
2025-01-10 05:00:00,1.8550353652803877,5,Friday
2025-01-10 06:00:00,2.237898835373891,6,Friday
2025-01-10 07:00:00,2.160055009411028,7,Friday
2025-01-10 08:00:00,2.7861210905640723,8,Friday
2025-01-10 09:00:00,1.8581596067955573,9,Friday
2025-01-10 10:00:00,2.5326050791444383,10,Friday
2025-01-10 11:00:00,2.4880699907876256,11,Friday
2025-01-10 12:00:00,2.143881359537598,12,Friday
2025-01-10 13:00:00,1.7055622504844583,13,Friday
2025-01-10 14:00:00,3.040870018177942,14,Friday
2025-01-10 15:00:00,1.8899419255569152,15,Friday
2025-01-10 16:00:00,2.5200630201206398,16,Friday
2025-01-10 17:00:00,2.578664129415389,17,Friday
2025-01-10 18:00:00,2.5646295480363075,18,Friday
2025-01-10 19:00:00,2.3176526450565045,19,Friday
2025-01-10 20:00:00,2.3329688698837563,20,Friday
2025-01-10 21:00:00,3.0908341433850053,21,Friday
2025-01-10 22:00:00,2.5439046087138584,22,Friday
2025-01-10 23:00:00,1.57349723669821,23,Friday
2025-01-11 00:00:00,2.9159451863560197,0,Saturday
2025-01-11 01:00:00,2.756685567061713,1,Saturday
2025-01-11 02:00:00,2.1540869343865854,2,Saturday
2025-01-11 03:00:00,2.6980759508325365,3,Saturday
2025-01-11 04:00:00,1.8807011339041,4,Saturday
2025-01-11 05:00:00,2.3967190967746683,5,Saturday
2025-01-11 06:00:00,1.762411309021977,6,Saturday
2025-01-11 07:00:00,2.827186868567843,7,Saturday
2025-01-11 08:00:00,3.54487903187684,8,Saturday
2025-01-11 09:00:00,2.768741017864381,9,Saturday
2025-01-11 10:00:00,3.037399393422734,10,Saturday
2025-01-11 11:00:00,2.5826364897338934,11,Saturday
2025-01-11 12:00:00,2.0075787316270453,12,Saturday
2025-01-11 13:00:00,2.7447421616941137,13,Saturday
2025-01-11 14:00:00,3.3087521330635554,14,Saturday
2025-01-11 15:00:00,2.6963465021543738,15,Saturday
2025-01-11 16:00:00,2.655715367180134,16,Saturday
2025-01-11 17:00:00,2.094543754945157,17,Saturday
2025-01-11 18:00:00,2.8630942267771164,18,Saturday
2025-01-11 19:00:00,2.0562458458818376,19,Saturday
2025-01-11 20:00:00,2.5861872969417585,20,Saturday
2025-01-11 21:00:00,3.85378289023101,21,Saturday
2025-01-11 22:00:00,2.3499039208661867,22,Saturday
2025-01-11 23:00:00,2.916862047346748,23,Saturday
2025-01-12 00:00:00,1.8844703573030035,0,Sunday
2025-01-12 01:00:00,2.7041569444820293,1,Sunday
2025-01-12 02:00:00,2.980920611570087,2,Sunday
2025-01-12 03:00:00,2.402538448699247,3,Sunday
2025-01-12 04:00:00,2.2414930936527844,4,Sunday
2025-01-12 05:00:00,2.8433623667253185,5,Sunday
2025-01-12 06:00:00,2.0301625823846234,6,Sunday
2025-01-12 07:00:00,3.363777280811524,7,Sunday
2025-01-12 08:00:00,1.9996643875339268,8,Sunday
2025-01-12 09:00:00,2.8982939468169784,9,Sunday
2025-01-12 10:00:00,1.866395486622507,10,Sunday
2025-01-12 11:00:00,2.910806557290785,11,Sunday
2025-01-12 12:00:00,2.243702667584114,12,Sunday
2025-01-12 13:00:00,2.2461604592826285,13,Sunday
2025-01-12 14:00:00,4.006619463138231,14,Sunday
2025-01-12 15:00:00,3.340158066864669,15,Sunday
2025-01-12 16:00:00,1.6428245179791188,16,Sunday
2025-01-12 17:00:00,2.9509586112628146,17,Sunday
2025-01-12 18:00:00,2.7453341023832007,18,Sunday
2025-01-12 19:00:00,1.847747929615413,19,Sunday
2025-01-12 20:00:00,1.757478346736654,20,Sunday
2025-01-12 21:00:00,2.693190750560124,21,Sunday
2025-01-12 22:00:00,2.1859873794963374,22,Sunday
2025-01-12 23:00:00,3.212871004295894,23,Sunday
2025-01-13 00:00:00,2.352759050869427,0,Monday
2025-01-13 01:00:00,1.648939604321694,1,Monday
2025-01-13 02:00:00,2.7819305085220134,2,Monday
2025-01-13 03:00:00,1.9743288238305052,3,Monday
2025-01-13 04:00:00,1.815118534862352,4,Monday
2025-01-13 05:00:00,1.8678147592828864,5,Monday
2025-01-13 06:00:00,4.054238539732156,6,Monday
2025-01-13 07:00:00,2.433033393137217,7,Monday
2025-01-13 08:00:00,1.969759510020592,8,Monday
2025-01-13 09:00:00,3.0761940343994603,9,Monday
2025-01-13 10:00:00,1.6988896088147318,10,Monday
2025-01-13 11:00:00,3.002426794964116,11,Monday
2025-01-13 12:00:00,3.0344924204274863,12,Monday
2025-01-13 13:00:00,2.921233474335575,13,Monday
2025-01-13 14:00:00,2.1798528549498988,14,Monday
2025-01-13 15:00:00,2.2662434396677305,15,Monday
2025-01-13 16:00:00,2.998922898647597,16,Monday
2025-01-13 17:00:00,2.355541234444231,17,Monday
2025-01-13 18:00:00,1.8957247230297627,18,Monday
2025-01-13 19:00:00,2.7260436714372323,19,Monday
2025-01-13 20:00:00,2.781620375001653,20,Monday
2025-01-13 21:00:00,2.325267201162026,21,Monday
2025-01-13 22:00:00,2.4722729621995554,22,Monday
2025-01-13 23:00:00,2.433317217990388,23,Monday
2025-01-14 00:00:00,2.5749635557333974,0,Tuesday
2025-01-14 01:00:00,2.5594069230802057,1,Tuesday
2025-01-14 02:00:00,2.5814299073713207,2,Tuesday
2025-01-14 03:00:00,3.1863725553079734,3,Tuesday
2025-01-14 04:00:00,2.19056397328431,4,Tuesday
2025-01-14 05:00:00,2.431998848739387,5,Tuesday
2025-01-14 06:00:00,2.6555117234218946,6,Tuesday
2025-01-14 07:00:00,2.656055319308357,7,Tuesday
2025-01-14 08:00:00,3.2405381114604666,8,Tuesday
2025-01-14 09:00:00,2.343381653477178,9,Tuesday
2025-01-14 10:00:00,2.479004184242001,10,Tuesday
2025-01-14 11:00:00,2.2883345223538774,11,Tuesday
2025-01-14 12:00:00,2.3073884384080063,12,Tuesday
2025-01-14 13:00:00,1.7826567964302136,13,Tuesday
2025-01-14 14:00:00,2.5963373579053943,14,Tuesday
2025-01-14 15:00:00,1.6072762797941038,15,Tuesday
2025-01-14 16:00:00,2.632340232511723,16,Tuesday
2025-01-14 17:00:00,2.896779685366316,17,Tuesday
2025-01-14 18:00:00,2.524058256956214,18,Tuesday
2025-01-14 19:00:00,3.00769928003982,19,Tuesday
2025-01-14 20:00:00,3.419613633123705,20,Tuesday
2025-01-14 21:00:00,2.860591778875382,21,Tuesday
2025-01-14 22:00:00,2.5029731458023923,22,Tuesday
2025-01-14 23:00:00,2.3105849130261458,23,Tuesday
2025-01-15 00:00:00,2.906961677927591,0,Wednesday
2025-01-15 01:00:00,3.09445585350547,1,Wednesday
2025-01-15 02:00:00,2.252773445772616,2,Wednesday
2025-01-15 03:00:00,2.3885107182173013,3,Wednesday
2025-01-15 04:00:00,2.642982216631586,4,Wednesday
2025-01-15 05:00:00,3.099767621983282,5,Wednesday
2025-01-15 06:00:00,2.3790621933041094,6,Wednesday
2025-01-15 07:00:00,2.9155070946513217,7,Wednesday
2025-01-15 08:00:00,2.747041242809835,8,Wednesday
2025-01-15 09:00:00,2.6837839335410965,9,Wednesday
2025-01-15 10:00:00,1.5282862986447538,10,Wednesday
2025-01-15 11:00:00,3.0534176400536843,11,Wednesday
2025-01-15 12:00:00,2.380865209816552,12,Wednesday
2025-01-15 13:00:00,3.0181349827439803,13,Wednesday
2025-01-15 14:00:00,1.7528764354732265,14,Wednesday
2025-01-15 15:00:00,2.198036313635844,15,Wednesday
2025-01-15 16:00:00,2.303913254467492,16,Wednesday
2025-01-15 17:00:00,1.534943670477272,17,Wednesday
2025-01-15 18:00:00,3.28881155175892,18,Wednesday
2025-01-15 19:00:00,2.814679549923456,19,Wednesday
2025-01-15 20:00:00,2.1951703491187726,20,Wednesday
2025-01-15 21:00:00,2.3112020719351896,21,Wednesday
2025-01-15 22:00:00,2.6523331542917727,22,Wednesday
2025-01-15 23:00:00,2.0459794994159965,23,Wednesday
2025-01-16 00:00:00,2.262185183953387,0,Thursday
2025-01-16 01:00:00,3.0020744335463534,1,Thursday
2025-01-16 02:00:00,1.7299429450333772,2,Thursday
2025-01-16 03:00:00,2.720917116279442,3,Thursday
2025-01-16 04:00:00,3.402987116121804,4,Thursday
2025-01-16 05:00:00,1.9956537270039292,5,Thursday
2025-01-16 06:00:00,1.3576997058994258,6,Thursday
2025-01-16 07:00:00,2.7667119302067724,7,Thursday
2025-01-16 08:00:00,2.393098823997118,8,Thursday
2025-01-16 09:00:00,2.4477436203667784,9,Thursday
2025-01-16 10:00:00,1.9329402639667348,10,Thursday
2025-01-16 11:00:00,3.4513904723524997,11,Thursday
2025-01-16 12:00:00,2.840871342509112,12,Thursday
2025-01-16 13:00:00,1.4718771656070089,13,Thursday
2025-01-16 14:00:00,2.437435145126624,14,Thursday
2025-01-16 15:00:00,2.124687461856011,15,Thursday
2025-01-16 16:00:00,2.4111221553984845,16,Thursday
2025-01-16 17:00:00,1.1338210728605458,17,Thursday
2025-01-16 18:00:00,1.8683806958718248,18,Thursday
2025-01-16 19:00:00,2.349185058444781,19,Thursday
2025-01-16 20:00:00,2.421660246080622,20,Thursday
2025-01-16 21:00:00,2.571695760251443,21,Thursday
2025-01-16 22:00:00,3.0700120649838936,22,Thursday
2025-01-16 23:00:00,1.7915847785979429,23,Thursday
2025-01-17 00:00:00,3.299171512315579,0,Friday
2025-01-17 01:00:00,2.2090159912622136,1,Friday
2025-01-17 02:00:00,2.823233872845067,2,Friday
2025-01-17 03:00:00,2.8257162732186005,3,Friday
2025-01-17 04:00:00,1.4275254514711202,4,Friday
2025-01-17 05:00:00,2.967854901183061,5,Friday
2025-01-17 06:00:00,1.943173341047784,6,Friday
2025-01-17 07:00:00,1.561407447497004,7,Friday
2025-01-17 08:00:00,1.880462802024588,8,Friday
2025-01-17 09:00:00,2.3972259871048114,9,Friday
2025-01-17 10:00:00,2.069792168134351,10,Friday
2025-01-17 11:00:00,2.9673131625055005,11,Friday
2025-01-17 12:00:00,2.045057531602532,12,Friday
2025-01-17 13:00:00,1.4951224930829758,13,Friday
2025-01-17 14:00:00,2.3991503951056816,14,Friday
2025-01-17 15:00:00,2.7241175936782662,15,Friday
2025-01-17 16:00:00,2.6483666111730257,16,Friday
2025-01-17 17:00:00,2.497853758602435,17,Friday
2025-01-17 18:00:00,2.619535693193704,18,Friday
2025-01-17 19:00:00,2.229620404051208,19,Friday
2025-01-17 20:00:00,2.0414347213611994,20,Friday
2025-01-17 21:00:00,1.824270943098237,21,Friday
2025-01-17 22:00:00,2.692960754649938,22,Friday
2025-01-17 23:00:00,2.3343243986755366,23,Friday
2025-01-18 00:00:00,2.481537186623037,0,Saturday
2025-01-18 01:00:00,2.373521415339334,1,Saturday
2025-01-18 02:00:00,2.233414266579258,2,Saturday
2025-01-18 03:00:00,3.2703829381886207,3,Saturday
2025-01-18 04:00:00,2.414078277896478,4,Saturday
2025-01-18 05:00:00,2.383478580256866,5,Saturday
2025-01-18 06:00:00,3.0842055690992307,6,Saturday
2025-01-18 07:00:00,2.105639885674265,7,Saturday
2025-01-18 08:00:00,2.531844937862694,8,Saturday
2025-01-18 09:00:00,1.7872324761562677,9,Saturday
2025-01-18 10:00:00,2.2484119444398187,10,Saturday
2025-01-18 11:00:00,2.626932474711967,11,Saturday
2025-01-18 12:00:00,3.093226800383328,12,Saturday
2025-01-18 13:00:00,2.4337568816775077,13,Saturday
2025-01-18 14:00:00,2.1628586396508127,14,Saturday
2025-01-18 15:00:00,2.4412152676673524,15,Saturday
2025-01-18 16:00:00,2.7535274769146203,16,Saturday
2025-01-18 17:00:00,2.225700406467648,17,Saturday
2025-01-18 18:00:00,2.209693405956006,18,Saturday
2025-01-18 19:00:00,2.680902470552485,19,Saturday
2025-01-18 20:00:00,2.480799422952342,20,Saturday
2025-01-18 21:00:00,1.60581986820122,21,Saturday
2025-01-18 22:00:00,2.053204275320845,22,Saturday
2025-01-18 23:00:00,2.719075316023989,23,Saturday
2025-01-19 00:00:00,1.3499942949042536,0,Sunday
2025-01-19 01:00:00,2.504565970838928,1,Sunday
2025-01-19 02:00:00,3.291350795368205,2,Sunday
2025-01-19 03:00:00,2.5878545198329466,3,Sunday
2025-01-19 04:00:00,2.591012905680997,4,Sunday
2025-01-19 05:00:00,1.9068083913362697,5,Sunday
2025-01-19 06:00:00,2.681365553355717,6,Sunday
2025-01-19 07:00:00,3.118411184359238,7,Sunday
2025-01-19 08:00:00,2.1065527228963874,8,Sunday
2025-01-19 09:00:00,1.6251191770936309,9,Sunday
2025-01-19 10:00:00,2.540513951387798,10,Sunday
2025-01-19 11:00:00,1.7586395379928277,11,Sunday
2025-01-19 12:00:00,2.079344884926463,12,Sunday
2025-01-19 13:00:00,2.072932282517246,13,Sunday
2025-01-19 14:00:00,2.8617240848835213,14,Sunday
2025-01-19 15:00:00,1.7691335477874537,15,Sunday
2025-01-19 16:00:00,2.3913834618372176,16,Sunday
2025-01-19 17:00:00,2.583286680587229,17,Sunday
2025-01-19 18:00:00,1.622426623330116,18,Sunday
2025-01-19 19:00:00,2.895234131676604,19,Sunday
2025-01-19 20:00:00,2.8824758730513484,20,Sunday
2025-01-19 21:00:00,2.637592742533707,21,Sunday
2025-01-19 22:00:00,3.6251099986682247,22,Sunday
2025-01-19 23:00:00,2.1912865196149607,23,Sunday
2025-01-20 00:00:00,2.7376499465023034,0,Monday
2025-01-20 01:00:00,1.6817442213830955,1,Monday
2025-01-20 02:00:00,2.3226153786203843,2,Monday
2025-01-20 03:00:00,2.954838498303963,3,Monday
2025-01-20 04:00:00,1.9932805159294165,4,Monday
2025-01-20 05:00:00,2.436416024461343,5,Monday
2025-01-20 06:00:00,1.946143306001008,6,Monday
2025-01-20 07:00:00,2.414639893615306,7,Monday
2025-01-20 08:00:00,1.8732192142933264,8,Monday
2025-01-20 09:00:00,1.808539355128104,9,Monday
2025-01-20 10:00:00,2.132235176325469,10,Monday
2025-01-20 11:00:00,2.6916243149528296,11,Monday
2025-01-20 12:00:00,2.397538034524138,12,Monday
2025-01-20 13:00:00,1.921274869973706,13,Monday
2025-01-20 14:00:00,1.599470920947618,14,Monday
2025-01-20 15:00:00,1.330012950827859,15,Monday
2025-01-20 16:00:00,2.863106161119051,16,Monday
2025-01-20 17:00:00,2.3304088626794783,17,Monday
2025-01-20 18:00:00,2.73921049363895,18,Monday
2025-01-20 19:00:00,2.6992825251404087,19,Monday
2025-01-20 20:00:00,2.4192800229957188,20,Monday
2025-01-20 21:00:00,1.7427055085573802,21,Monday
2025-01-20 22:00:00,2.9304674000660653,22,Monday
2025-01-20 23:00:00,1.8698084899862564,23,Monday
2025-01-21 00:00:00,2.329666850545068,0,Tuesday
2025-01-21 01:00:00,2.855853630130208,1,Tuesday
2025-01-21 02:00:00,2.3483494304556327,2,Tuesday
2025-01-21 03:00:00,2.342144994491341,3,Tuesday
2025-01-21 04:00:00,2.6586730825939267,4,Tuesday
2025-01-21 05:00:00,2.214925831682071,5,Tuesday
2025-01-21 06:00:00,2.4323855406465507,6,Tuesday
2025-01-21 07:00:00,2.4788485332241987,7,Tuesday
2025-01-21 08:00:00,2.395503307611418,8,Tuesday
2025-01-21 09:00:00,2.7103425384638955,9,Tuesday
2025-01-21 10:00:00,1.7520072620317944,10,Tuesday
2025-01-21 11:00:00,2.265324612450961,11,Tuesday
2025-01-21 12:00:00,3.19637852086006,12,Tuesday
2025-01-21 13:00:00,2.4255682002398222,13,Tuesday
2025-01-21 14:00:00,3.1896318124278835,14,Tuesday
2025-01-21 15:00:00,2.8591219380341486,15,Tuesday
2025-01-21 16:00:00,2.785416199718585,16,Tuesday
2025-01-21 17:00:00,2.208997506954728,17,Tuesday
2025-01-21 18:00:00,3.069743100967201,18,Tuesday
2025-01-21 19:00:00,2.768302989057876,19,Tuesday
2025-01-21 20:00:00,2.983519611207853,20,Tuesday
2025-01-21 21:00:00,2.2108011700689207,21,Tuesday
2025-01-21 22:00:00,2.676328424078129,22,Tuesday
2025-01-21 23:00:00,2.8848856945924077,23,Tuesday
2025-01-22 00:00:00,2.501510542011399,0,Wednesday
2025-01-22 01:00:00,2.795893609232931,1,Wednesday
2025-01-22 02:00:00,2.435077955847267,2,Wednesday
2025-01-22 03:00:00,2.174487241648152,3,Wednesday
2025-01-22 04:00:00,2.8254623001950687,4,Wednesday
2025-01-22 05:00:00,1.7085456618735997,5,Wednesday
2025-01-22 06:00:00,2.139416458143429,6,Wednesday
2025-01-22 07:00:00,1.8904760589059573,7,Wednesday
2025-01-22 08:00:00,2.3544569301640137,8,Wednesday
2025-01-22 09:00:00,2.398808087618087,9,Wednesday
2025-01-22 10:00:00,3.014547955408612,10,Wednesday
2025-01-22 11:00:00,2.8801195757213223,11,Wednesday
2025-01-22 12:00:00,2.275811861897246,12,Wednesday
2025-01-22 13:00:00,2.9807457935511863,13,Wednesday
2025-01-22 14:00:00,2.728460127998031,14,Wednesday
2025-01-22 15:00:00,2.795856657476069,15,Wednesday
2025-01-22 16:00:00,2.045869746164232,16,Wednesday
2025-01-22 17:00:00,2.9821922883632097,17,Wednesday
2025-01-22 18:00:00,3.711235497207027,18,Wednesday
2025-01-22 19:00:00,2.292323571244492,19,Wednesday
2025-01-22 20:00:00,1.5308982522871604,20,Wednesday
2025-01-22 21:00:00,3.289302990707218,21,Wednesday
2025-01-22 22:00:00,1.9382760917751631,22,Wednesday
2025-01-22 23:00:00,1.6669080156986449,23,Wednesday
2025-01-23 00:00:00,3.2532512263964124,0,Thursday
2025-01-23 01:00:00,2.8422067367507,1,Thursday
2025-01-23 02:00:00,2.109620761835806,2,Thursday
2025-01-23 03:00:00,2.3108436461147512,3,Thursday
2025-01-23 04:00:00,1.582298135391235,4,Thursday
2025-01-23 05:00:00,2.823797247315143,5,Thursday
2025-01-23 06:00:00,2.765249062551319,6,Thursday
2025-01-23 07:00:00,1.774582101618971,7,Thursday
2025-01-23 08:00:00,1.966115488692051,8,Thursday
2025-01-23 09:00:00,3.161954793892505,9,Thursday
2025-01-23 10:00:00,2.533258372553839,10,Thursday
2025-01-23 11:00:00,1.8642285419381184,11,Thursday
2025-01-23 12:00:00,2.814557499014336,12,Thursday
2025-01-23 13:00:00,2.288521782623061,13,Thursday
2025-01-23 14:00:00,2.6043376089069232,14,Thursday
2025-01-23 15:00:00,2.108425157924789,15,Thursday
2025-01-23 16:00:00,2.8594254773575694,16,Thursday
2025-01-23 17:00:00,1.8132397634330677,17,Thursday
2025-01-23 18:00:00,2.5282405750130748,18,Thursday
2025-01-23 19:00:00,2.322271977505438,19,Thursday
2025-01-23 20:00:00,3.303326793024225,20,Thursday
2025-01-23 21:00:00,3.059348864003227,21,Thursday
2025-01-23 22:00:00,2.4367894237034533,22,Thursday
2025-01-23 23:00:00,2.47696482145134,23,Thursday
2025-01-24 00:00:00,2.325161128208451,0,Friday
2025-01-24 01:00:00,2.293120170604801,1,Friday
2025-01-24 02:00:00,2.2300400873246478,2,Friday
2025-01-24 03:00:00,2.546044665014598,3,Friday
2025-01-24 04:00:00,3.040007854184429,4,Friday
2025-01-24 05:00:00,2.6349257942745146,5,Friday
2025-01-24 06:00:00,2.1643827162646225,6,Friday
2025-01-24 07:00:00,2.572671038048699,7,Friday
2025-01-24 08:00:00,2.429185394100643,8,Friday
2025-01-24 09:00:00,2.5757752774050906,9,Friday
2025-01-24 10:00:00,2.4878324073421845,10,Friday
2025-01-24 11:00:00,2.4340989421258965,11,Friday
2025-01-24 12:00:00,2.446194679264563,12,Friday
2025-01-24 13:00:00,2.105553096093912,13,Friday
2025-01-24 14:00:00,2.26401702702596,14,Friday
2025-01-24 15:00:00,1.4954856265171446,15,Friday
2025-01-24 16:00:00,2.6367360606925305,16,Friday
2025-01-24 17:00:00,2.754279916428401,17,Friday
2025-01-24 18:00:00,2.2001183421475017,18,Friday
2025-01-24 19:00:00,2.190177263359348,19,Friday
2025-01-24 20:00:00,3.2101395865469007,20,Friday
2025-01-24 21:00:00,2.315811433335442,21,Friday
2025-01-24 22:00:00,3.315447494834218,22,Friday
2025-01-24 23:00:00,3.338877376762966,23,Friday
2025-01-25 00:00:00,2.6115893048627115,0,Saturday
2025-01-25 01:00:00,2.8946423291706567,1,Saturday
2025-01-25 02:00:00,2.0372406161851755,2,Saturday
2025-01-25 03:00:00,2.1252260221155272,3,Saturday
2025-01-25 04:00:00,2.4451112475320342,4,Saturday
2025-01-25 05:00:00,3.25270733114611,5,Saturday
2025-01-25 06:00:00,2.7813719772159637,6,Saturday
2025-01-25 07:00:00,2.736179161371461,7,Saturday
2025-01-25 08:00:00,1.826856420971141,8,Saturday
2025-01-25 09:00:00,1.3422266090616484,9,Saturday
2025-01-25 10:00:00,2.8627195631404128,10,Saturday
2025-01-25 11:00:00,2.5363067502044365,11,Saturday
2025-01-25 12:00:00,1.93811646447045,12,Saturday
2025-01-25 13:00:00,2.581988275458824,13,Saturday
2025-01-25 14:00:00,2.427423243043074,14,Saturday
2025-01-25 15:00:00,3.1821356720925245,15,Saturday
2025-01-25 16:00:00,2.324190893536053,16,Saturday
2025-01-25 17:00:00,2.2860855671137856,17,Saturday
2025-01-25 18:00:00,2.2548823444804413,18,Saturday
2025-01-25 19:00:00,2.829519468391987,19,Saturday
2025-01-25 20:00:00,2.646289214022694,20,Saturday
2025-01-25 21:00:00,2.412422553840817,21,Saturday
2025-01-25 22:00:00,2.771002174329052,22,Saturday
2025-01-25 23:00:00,1.128222379731847,23,Saturday
2025-01-26 00:00:00,2.899157747949298,0,Sunday
2025-01-26 01:00:00,2.5564594186402823,1,Sunday
2025-01-26 02:00:00,2.1354503174512023,2,Sunday
2025-01-26 03:00:00,2.3475541857383466,3,Sunday
2025-01-26 04:00:00,3.569554421797131,4,Sunday
2025-01-26 05:00:00,2.352922362787196,5,Sunday
2025-01-26 06:00:00,2.918999705693812,6,Sunday
2025-01-26 07:00:00,2.22909561293413,7,Sunday
2025-01-26 08:00:00,2.9234099000890725,8,Sunday
2025-01-26 09:00:00,2.0700867508703085,9,Sunday
2025-01-26 10:00:00,1.921287791369548,10,Sunday
2025-01-26 11:00:00,2.396895002070244,11,Sunday
2025-01-26 12:00:00,2.9387253907216766,12,Sunday
2025-01-26 13:00:00,1.9316978946214796,13,Sunday
2025-01-26 14:00:00,3.3671900413771345,14,Sunday
2025-01-26 15:00:00,3.227290639754242,15,Sunday
2025-01-26 16:00:00,2.465621735329601,16,Sunday
2025-01-26 17:00:00,3.4354496364946097,17,Sunday
2025-01-26 18:00:00,2.6110337037773474,18,Sunday
2025-01-26 19:00:00,2.2589685691334487,19,Sunday
2025-01-26 20:00:00,2.477721544981225,20,Sunday
2025-01-26 21:00:00,2.155427609787141,21,Sunday
2025-01-26 22:00:00,1.6822126554378989,22,Sunday
2025-01-26 23:00:00,2.479084585198564,23,Sunday
2025-01-27 00:00:00,2.6982368333792865,0,Monday
2025-01-27 01:00:00,1.960589341422036,1,Monday
2025-01-27 02:00:00,2.347970980886201,2,Monday
2025-01-27 03:00:00,3.263345181090636,3,Monday
2025-01-27 04:00:00,2.0614869439330605,4,Monday
2025-01-27 05:00:00,2.0973305946243386,5,Monday
2025-01-27 06:00:00,2.567457875625909,6,Monday
2025-01-27 07:00:00,2.8216329000349685,7,Monday
2025-01-27 08:00:00,1.981024335851682,8,Monday
2025-01-27 09:00:00,1.9166659799775372,9,Monday
2025-01-27 10:00:00,1.7297278086398031,10,Monday
2025-01-27 11:00:00,2.274940033906531,11,Monday
2025-01-27 12:00:00,2.7813193045672846,12,Monday
2025-01-27 13:00:00,2.802754877754178,13,Monday
2025-01-27 14:00:00,2.596231647513865,14,Monday
2025-01-27 15:00:00,3.1462353054982084,15,Monday
2025-01-27 16:00:00,1.9753721731979912,16,Monday
2025-01-27 17:00:00,2.8275898861954087,17,Monday
2025-01-27 18:00:00,3.29593756160013,18,Monday
2025-01-27 19:00:00,3.162597894153054,19,Monday
2025-01-27 20:00:00,2.313397455118391,20,Monday
2025-01-27 21:00:00,2.035851935522431,21,Monday
2025-01-27 22:00:00,2.422875127378379,22,Monday
2025-01-27 23:00:00,1.7076946049811397,23,Monday
2025-01-28 00:00:00,2.2356363168171565,0,Tuesday
2025-01-28 01:00:00,2.828760339076928,1,Tuesday
2025-01-28 02:00:00,2.5133067270099727,2,Tuesday
2025-01-28 03:00:00,2.764302943169193,3,Tuesday
2025-01-28 04:00:00,2.728872957614263,4,Tuesday
2025-01-28 05:00:00,2.245018886991887,5,Tuesday
2025-01-28 06:00:00,2.718746439584663,6,Tuesday
2025-01-28 07:00:00,2.4457789178213867,7,Tuesday
2025-01-28 08:00:00,2.692028158425544,8,Tuesday
2025-01-28 09:00:00,2.96867605710278,9,Tuesday
2025-01-28 10:00:00,2.324768787646436,10,Tuesday
2025-01-28 11:00:00,2.287773839786783,11,Tuesday
2025-01-28 12:00:00,2.4999472029828937,12,Tuesday
2025-01-28 13:00:00,2.52332589348002,13,Tuesday
2025-01-28 14:00:00,2.261897424706982,14,Tuesday
2025-01-28 15:00:00,1.650988370906529,15,Tuesday
2025-01-28 16:00:00,2.115597440974663,16,Tuesday
2025-01-28 17:00:00,3.2504179554362898,17,Tuesday
2025-01-28 18:00:00,3.2289485076605047,18,Tuesday
2025-01-28 19:00:00,2.1516238537157197,19,Tuesday
2025-01-28 20:00:00,1.903360524185277,20,Tuesday
2025-01-28 21:00:00,2.6163738316306957,21,Tuesday
2025-01-28 22:00:00,2.2704260549896382,22,Tuesday
2025-01-28 23:00:00,2.585381399170718,23,Tuesday
2025-01-29 00:00:00,3.7946638819931886,0,Wednesday
2025-01-29 01:00:00,1.8645476565484236,1,Wednesday
2025-01-29 02:00:00,2.842711490430399,2,Wednesday
2025-01-29 03:00:00,3.2096704089329045,3,Wednesday
2025-01-29 04:00:00,2.3626306986448204,4,Wednesday
2025-01-29 05:00:00,2.5156718217620484,5,Wednesday
2025-01-29 06:00:00,3.35955906188616,6,Wednesday
2025-01-29 07:00:00,2.554244289676228,7,Wednesday
2025-01-29 08:00:00,2.6262335455933026,8,Wednesday
2025-01-29 09:00:00,3.30761448857198,9,Wednesday
2025-01-29 10:00:00,2.4752038872495103,10,Wednesday
2025-01-29 11:00:00,0.9427429186300842,11,Wednesday
2025-01-29 12:00:00,2.2228562720250498,12,Wednesday
2025-01-29 13:00:00,2.404296104126688,13,Wednesday
2025-01-29 14:00:00,2.274622890587162,14,Wednesday
2025-01-29 15:00:00,2.0192185665239406,15,Wednesday
2025-01-29 16:00:00,2.9660341084695103,16,Wednesday
2025-01-29 17:00:00,2.62291441099169,17,Wednesday
2025-01-29 18:00:00,2.164779050125278,18,Wednesday
2025-01-29 19:00:00,2.980636290037196,19,Wednesday
2025-01-29 20:00:00,2.197127451423013,20,Wednesday
2025-01-29 21:00:00,2.271624175521434,21,Wednesday
2025-01-29 22:00:00,2.6848622157634408,22,Wednesday
2025-01-29 23:00:00,1.3577843915839325,23,Wednesday
2025-01-30 00:00:00,3.212172928471367,0,Thursday
2025-01-30 01:00:00,1.9899164021837945,1,Thursday
2025-01-30 02:00:00,2.9448844610756564,2,Thursday
2025-01-30 03:00:00,2.635688661207125,3,Thursday
2025-01-30 04:00:00,2.8481229203382066,4,Thursday
2025-01-30 05:00:00,2.377180814069309,5,Thursday
2025-01-30 06:00:00,2.23577451101374,6,Thursday
2025-01-30 07:00:00,2.3368116578328584,7,Thursday
2025-01-30 08:00:00,2.787053991336867,8,Thursday
2025-01-30 09:00:00,2.900720450288652,9,Thursday
2025-01-30 10:00:00,3.271929918170191,10,Thursday
2025-01-30 11:00:00,2.2010219824509907,11,Thursday
2025-01-30 12:00:00,3.057809187930845,12,Thursday
2025-01-30 13:00:00,3.54573275591887,13,Thursday
2025-01-30 14:00:00,2.3426575016643763,14,Thursday
2025-01-30 15:00:00,2.7392204964993416,15,Thursday
2025-01-30 16:00:00,2.0158983118361355,16,Thursday
2025-01-30 17:00:00,2.82204356104207,17,Thursday
2025-01-30 18:00:00,2.4988955866775475,18,Thursday
2025-01-30 19:00:00,2.628433880468525,19,Thursday
2025-01-30 20:00:00,3.282904249528322,20,Thursday
2025-01-30 21:00:00,2.641721905623305,21,Thursday
2025-01-30 22:00:00,2.548815099704949,22,Thursday
2025-01-30 23:00:00,2.767730687821251,23,Thursday
2025-01-01 00:00:00,2.3191959494071805,0,Wednesday
2025-01-01 01:00:00,2.272190545466252,1,Wednesday
2025-01-01 02:00:00,1.7900558241173583,2,Wednesday
2025-01-01 03:00:00,1.83624740973583,3,Wednesday
2025-01-01 04:00:00,2.0742546315986856,4,Wednesday
2025-01-01 05:00:00,2.846175325702358,5,Wednesday
2025-01-01 06:00:00,1.9595934212859007,6,Wednesday
2025-01-01 07:00:00,3.904837770671524,7,Wednesday
2025-01-01 08:00:00,2.272050454034304,8,Wednesday
2025-01-01 09:00:00,2.3231187612328617,9,Wednesday
2025-01-01 10:00:00,2.12753507885469,10,Wednesday
2025-01-01 11:00:00,2.2793633421503543,11,Wednesday
2025-01-01 12:00:00,2.3284471393074995,12,Wednesday
2025-01-01 13:00:00,2.324979934297667,13,Wednesday
2025-01-01 14:00:00,2.8969479513412697,14,Wednesday
2025-01-01 15:00:00,2.3474741826323764,15,Wednesday
2025-01-01 16:00:00,1.8189141150975967,16,Wednesday
2025-01-01 17:00:00,3.1813431021512164,17,Wednesday
2025-01-01 18:00:00,3.0379871689209272,18,Wednesday
2025-01-01 19:00:00,2.872288397357724,19,Wednesday
2025-01-01 20:00:00,3.0610691174422757,20,Wednesday
2025-01-01 21:00:00,2.3401607736489543,21,Wednesday
2025-01-01 22:00:00,3.423245111926029,22,Wednesday
2025-01-01 23:00:00,2.7506998174917707,23,Wednesday
2025-01-02 00:00:00,1.8250545490362415,0,Thursday
2025-01-02 01:00:00,2.5562818885021685,1,Thursday
2025-01-02 02:00:00,1.2942947482842229,2,Thursday
2025-01-02 03:00:00,2.8122082894319163,3,Thursday
2025-01-02 04:00:00,2.043690355169959,4,Thursday
2025-01-02 05:00:00,2.50142757480927,5,Thursday
2025-01-02 06:00:00,2.8215263295350703,6,Thursday
2025-01-02 07:00:00,2.875773250211567,7,Thursday
2025-01-02 08:00:00,3.021822365549427,8,Thursday
2025-01-02 09:00:00,2.263404194474961,9,Thursday
2025-01-02 10:00:00,1.9007967345122148,10,Thursday
2025-01-02 11:00:00,3.4326531142843804,11,Thursday
2025-01-02 12:00:00,2.975048276172859,12,Thursday
2025-01-02 13:00:00,2.841742549018907,13,Thursday
2025-01-02 14:00:00,2.3258487054022394,14,Thursday
2025-01-02 15:00:00,3.2593051780086038,15,Thursday
2025-01-02 16:00:00,2.930681285021286,16,Thursday
2025-01-02 17:00:00,2.073911012465913,17,Thursday
2025-01-02 18:00:00,2.204474076454215,18,Thursday
2025-01-02 19:00:00,2.5475943350791947,19,Thursday
2025-01-02 20:00:00,2.5313439802093503,20,Thursday
2025-01-02 21:00:00,2.211314306436792,21,Thursday
2025-01-02 22:00:00,2.466184640457046,22,Thursday
2025-01-02 23:00:00,2.195828919657385,23,Thursday
2025-01-03 00:00:00,2.7620230405945074,0,Friday
2025-01-03 01:00:00,2.927207797622565,1,Friday
2025-01-03 02:00:00,2.2427476039599816,2,Friday
2025-01-03 03:00:00,2.8640489805163174,3,Friday
2025-01-03 04:00:00,1.9057662029919875,4,Friday
2025-01-03 05:00:00,3.100643418836853,5,Friday
2025-01-03 06:00:00,2.101110548167473,6,Friday
2025-01-03 07:00:00,2.0369767289552425,7,Friday
2025-01-03 08:00:00,2.8895235340144394,8,Friday
2025-01-03 09:00:00,2.735634965864598,9,Friday
2025-01-03 10:00:00,3.1196904771977696,10,Friday
2025-01-03 11:00:00,2.876717114052099,11,Friday
2025-01-03 12:00:00,2.4989781741175805,12,Friday
2025-01-03 13:00:00,2.351923671405563,13,Friday
2025-01-03 14:00:00,2.736685454479746,14,Friday
2025-01-03 15:00:00,2.739487709322176,15,Friday
2025-01-03 16:00:00,2.2939584143857465,16,Friday
2025-01-03 17:00:00,1.7468548306580187,17,Friday
2025-01-03 18:00:00,2.992614939217217,18,Friday
2025-01-03 19:00:00,3.9191280924896352,19,Friday
2025-01-03 20:00:00,2.831372707140928,20,Friday
2025-01-03 21:00:00,3.1158555394500254,21,Friday
2025-01-03 22:00:00,2.66932563866019,22,Friday
2025-01-03 23:00:00,2.90192667726771,23,Friday
2025-01-04 00:00:00,2.3835882780083417,0,Saturday
2025-01-04 01:00:00,2.349128381553631,1,Saturday
2025-01-04 02:00:00,2.496452819468267,2,Saturday
2025-01-04 03:00:00,2.5166620343100647,3,Saturday
2025-01-04 04:00:00,2.0099045123172408,4,Saturday
2025-01-04 05:00:00,1.371286733412382,5,Saturday
2025-01-04 06:00:00,2.2352893222506376,6,Saturday
2025-01-04 07:00:00,2.708613972899566,7,Saturday
2025-01-04 08:00:00,2.115338945165795,8,Saturday
2025-01-04 09:00:00,2.623185240225299,9,Saturday
2025-01-04 10:00:00,2.714617662232923,10,Saturday
2025-01-04 11:00:00,2.287908349716797,11,Saturday
2025-01-04 12:00:00,2.603005182713279,12,Saturday
2025-01-04 13:00:00,2.2509131876673623,13,Saturday
2025-01-04 14:00:00,2.2418152892954053,14,Saturday
2025-01-04 15:00:00,2.316638436263524,15,Saturday
2025-01-04 16:00:00,1.8667768374479208,16,Saturday
2025-01-04 17:00:00,2.825834457649164,17,Saturday
2025-01-04 18:00:00,2.6556212930926995,18,Saturday
2025-01-04 19:00:00,1.557023268398353,19,Saturday
2025-01-04 20:00:00,2.5032307595616192,20,Saturday
2025-01-04 21:00:00,1.7216775652269956,21,Saturday
2025-01-04 22:00:00,2.990610945732241,22,Saturday
2025-01-04 23:00:00,2.8118022610686726,23,Saturday
2025-01-05 00:00:00,3.335300568362931,0,Sunday
2025-01-05 01:00:00,2.294106866890102,1,Sunday
2025-01-05 02:00:00,2.718184910612462,2,Sunday
2025-01-05 03:00:00,2.848883621780412,3,Sunday
2025-01-05 04:00:00,2.1652770222475097,4,Sunday
2025-01-05 05:00:00,2.6110798538470728,5,Sunday
2025-01-05 06:00:00,2.776576870642456,6,Sunday
2025-01-05 07:00:00,3.375372166363827,7,Sunday
2025-01-05 08:00:00,2.371062270118688,8,Sunday
2025-01-05 09:00:00,2.9600614971401846,9,Sunday
2025-01-05 10:00:00,3.1465295161649687,10,Sunday
2025-01-05 11:00:00,2.61613435928678,11,Sunday
2025-01-05 12:00:00,2.506809473784718,12,Sunday
2025-01-05 13:00:00,2.528027221615355,13,Sunday
2025-01-05 14:00:00,2.526330379476325,14,Sunday
2025-01-05 15:00:00,2.8610577847250966,15,Sunday
2025-01-05 16:00:00,2.618899553465146,16,Sunday
2025-01-05 17:00:00,2.1821821337543708,17,Sunday
2025-01-05 18:00:00,2.6684893118431363,18,Sunday
2025-01-05 19:00:00,2.595174732005927,19,Sunday
2025-01-05 20:00:00,2.837330110115519,20,Sunday
2025-01-05 21:00:00,3.091423447947024,21,Sunday
2025-01-05 22:00:00,2.370761358275033,22,Sunday
2025-01-05 23:00:00,2.5907623421697776,23,Sunday
2025-01-06 00:00:00,2.6061738425280674,0,Monday
2025-01-06 01:00:00,2.30239514716428,1,Monday
2025-01-06 02:00:00,2.331769924102169,2,Monday
2025-01-06 03:00:00,2.652451425972681,3,Monday
2025-01-06 04:00:00,2.48129491908429,4,Monday
2025-01-06 05:00:00,3.0648676985636443,5,Monday
2025-01-06 06:00:00,2.2950570332034,6,Monday
2025-01-06 07:00:00,2.871287075860752,7,Monday
2025-01-06 08:00:00,2.015812502939731,8,Monday
2025-01-06 09:00:00,2.109959168601965,9,Monday
2025-01-06 10:00:00,1.9245117675665,10,Monday
2025-01-06 11:00:00,2.985390367926014,11,Monday
2025-01-06 12:00:00,2.057240084397602,12,Monday
2025-01-06 13:00:00,2.9635436851070094,13,Monday
2025-01-06 14:00:00,1.6075682395032749,14,Monday
2025-01-06 15:00:00,1.4618435012540525,15,Monday
2025-01-06 16:00:00,2.177774907857212,16,Monday
2025-01-06 17:00:00,2.215743899750953,17,Monday
2025-01-06 18:00:00,2.8218983770374946,18,Monday
2025-01-06 19:00:00,2.016468196997532,19,Monday
2025-01-06 20:00:00,3.308171244388345,20,Monday
2025-01-06 21:00:00,2.602007040540696,21,Monday
2025-01-06 22:00:00,2.0895696389551457,22,Monday
2025-01-06 23:00:00,2.70701086979246,23,Monday
2025-01-07 00:00:00,2.8629575261933966,0,Tuesday
2025-01-07 01:00:00,2.2551072335163327,1,Tuesday
2025-01-07 02:00:00,3.1844938274619468,2,Tuesday
2025-01-07 03:00:00,2.8962720118134984,3,Tuesday
2025-01-07 04:00:00,3.281351816364549,4,Tuesday
2025-01-07 05:00:00,2.286127387483852,5,Tuesday
2025-01-07 06:00:00,2.453845077576013,6,Tuesday
2025-01-07 07:00:00,2.479290732468731,7,Tuesday
2025-01-07 08:00:00,2.7140961391672334,8,Tuesday
2025-01-07 09:00:00,3.525238901414699,9,Tuesday
2025-01-07 10:00:00,1.9043109908232732,10,Tuesday
2025-01-07 11:00:00,1.7475677692165943,11,Tuesday
2025-01-07 12:00:00,2.436805737104768,12,Tuesday
2025-01-07 13:00:00,2.379925332768499,13,Tuesday
2025-01-07 14:00:00,1.783615175177351,14,Tuesday
2025-01-07 15:00:00,2.3468971430633685,15,Tuesday
2025-01-07 16:00:00,2.5440909330091177,16,Tuesday
2025-01-07 17:00:00,3.3160168291158225,17,Tuesday
2025-01-07 18:00:00,2.2171640113156164,18,Tuesday
2025-01-07 19:00:00,2.525650010727206,19,Tuesday
2025-01-07 20:00:00,2.12929327628974,20,Tuesday
2025-01-07 21:00:00,2.7304879048940145,21,Tuesday
2025-01-07 22:00:00,2.3498649185854443,22,Tuesday
2025-01-07 23:00:00,3.0665512672125903,23,Tuesday
2025-01-08 00:00:00,1.5413900207222675,0,Wednesday
2025-01-08 01:00:00,2.813729516787755,1,Wednesday
2025-01-08 02:00:00,1.9022962822397853,2,Wednesday
2025-01-08 03:00:00,2.323037957881371,3,Wednesday
2025-01-08 04:00:00,3.3359073355332125,4,Wednesday
2025-01-08 05:00:00,3.2965743466550537,5,Wednesday
2025-01-08 06:00:00,2.38375611447514,6,Wednesday
2025-01-08 07:00:00,3.292511113678499,7,Wednesday
2025-01-08 08:00:00,1.8987790418039587,8,Wednesday
2025-01-08 09:00:00,1.8278077389964171,9,Wednesday
2025-01-08 10:00:00,2.3737521335278977,10,Wednesday
2025-01-08 11:00:00,3.1999094748759056,11,Wednesday
2025-01-08 12:00:00,2.945050521026636,12,Wednesday
2025-01-08 13:00:00,1.8377511064046024,13,Wednesday
2025-01-08 14:00:00,1.6599225055276583,14,Wednesday
2025-01-08 15:00:00,2.719905595402414,15,Wednesday
2025-01-08 16:00:00,2.8896887149101675,16,Wednesday
2025-01-08 17:00:00,2.608826030054629,17,Wednesday
2025-01-08 18:00:00,2.347248008340715,18,Wednesday
2025-01-08 19:00:00,2.3041194271522976,19,Wednesday
2025-01-08 20:00:00,2.263295812540812,20,Wednesday
2025-01-08 21:00:00,2.1780523557531053,21,Wednesday
2025-01-08 22:00:00,2.5420071538505984,22,Wednesday
2025-01-08 23:00:00,2.8240176700679487,23,Wednesday
2025-01-09 00:00:00,1.6418683494487716,0,Thursday
2025-01-09 01:00:00,2.565628333630943,1,Thursday
2025-01-09 02:00:00,1.9178192547370896,2,Thursday
2025-01-09 03:00:00,2.4965972485669754,3,Thursday
2025-01-09 04:00:00,2.180201045758575,4,Thursday
2025-01-09 05:00:00,1.5268623522657854,5,Thursday
2025-01-09 06:00:00,2.577470669284065,6,Thursday
2025-01-09 07:00:00,2.1590582510272736,7,Thursday
2025-01-09 08:00:00,2.647606789507274,8,Thursday
2025-01-09 09:00:00,2.481733327447946,9,Thursday
2025-01-09 10:00:00,3.247559868187505,10,Thursday
2025-01-09 11:00:00,1.7509068125986202,11,Thursday
2025-01-09 12:00:00,2.676878547063494,12,Thursday
2025-01-09 13:00:00,2.371860576680876,13,Thursday
2025-01-09 14:00:00,2.1303449164593644,14,Thursday
2025-01-09 15:00:00,2.517598382002742,15,Thursday
2025-01-09 16:00:00,1.3782251215084913,16,Thursday
2025-01-09 17:00:00,2.509779197170566,17,Thursday
2025-01-09 18:00:00,2.751719028287444,18,Thursday
2025-01-09 19:00:00,2.441301436214559,19,Thursday
2025-01-09 20:00:00,2.190981244991044,20,Thursday
2025-01-09 21:00:00,2.549666255537109,21,Thursday
2025-01-09 22:00:00,1.9075895511386087,22,Thursday
2025-01-09 23:00:00,2.388570332389179,23,Thursday
2025-01-10 00:00:00,3.017978727390976,0,Friday
2025-01-10 01:00:00,2.094592291411568,1,Friday
2025-01-10 02:00:00,2.412448021550345,2,Friday
2025-01-10 03:00:00,1.9004812650250704,3,Friday
2025-01-10 04:00:00,2.730357587835006,4,Friday
2025-01-10 05:00:00,2.036906438092131,5,Friday
2025-01-10 06:00:00,3.027612120363735,6,Friday
2025-01-10 07:00:00,2.547368360185853,7,Friday
2025-01-10 08:00:00,2.006228319654048,8,Friday
2025-01-10 09:00:00,3.1472571210524234,9,Friday
2025-01-10 10:00:00,3.003524128258357,10,Friday
2025-01-10 11:00:00,1.857825067562784,11,Friday
2025-01-10 12:00:00,2.516409405643211,12,Friday
2025-01-10 13:00:00,2.3692680846736525,13,Friday
2025-01-10 14:00:00,2.158370384802738,14,Friday
2025-01-10 15:00:00,3.032910691197051,15,Friday
2025-01-10 16:00:00,2.9890234434508365,16,Friday
2025-01-10 17:00:00,2.5860003532747924,17,Friday
2025-01-10 18:00:00,3.7989138049716,18,Friday
2025-01-10 19:00:00,2.7587136295514774,19,Friday
2025-01-10 20:00:00,2.12594252649634,20,Friday
2025-01-10 21:00:00,2.6436021624091115,21,Friday
2025-01-10 22:00:00,2.7751554225113937,22,Friday
2025-01-10 23:00:00,2.1435956222791157,23,Friday
2025-01-11 00:00:00,2.85588763518144,0,Saturday
2025-01-11 01:00:00,2.112766325374233,1,Saturday
2025-01-11 02:00:00,2.977793724763764,2,Saturday
2025-01-11 03:00:00,1.440517733160956,3,Saturday
2025-01-11 04:00:00,2.084042241933505,4,Saturday
2025-01-11 05:00:00,2.170209221364747,5,Saturday
2025-01-11 06:00:00,2.811030639623445,6,Saturday
2025-01-11 07:00:00,2.5293608408185606,7,Saturday
2025-01-11 08:00:00,2.607747082614727,8,Saturday
2025-01-11 09:00:00,2.552331830364946,9,Saturday
2025-01-11 10:00:00,2.3259855446027675,10,Saturday
2025-01-11 11:00:00,1.846068537102653,11,Saturday
2025-01-11 12:00:00,1.7053110037542358,12,Saturday
2025-01-11 13:00:00,2.2418690712449774,13,Saturday
2025-01-11 14:00:00,2.6924167800082457,14,Saturday
2025-01-11 15:00:00,3.1093219538122985,15,Saturday
2025-01-11 16:00:00,2.3314289558487995,16,Saturday
2025-01-11 17:00:00,2.445440708169565,17,Saturday
2025-01-11 18:00:00,2.474301762937651,18,Saturday
2025-01-11 19:00:00,3.411174280266282,19,Saturday
2025-01-11 20:00:00,3.3633201304595213,20,Saturday
2025-01-11 21:00:00,2.773239186202581,21,Saturday
2025-01-11 22:00:00,2.723264877674608,22,Saturday
2025-01-11 23:00:00,3.078092038451348,23,Saturday
2025-01-12 00:00:00,2.367012159226266,0,Sunday
2025-01-12 01:00:00,2.480492031337068,1,Sunday
2025-01-12 02:00:00,2.891490630932361,2,Sunday
2025-01-12 03:00:00,2.746934705710785,3,Sunday
2025-01-12 04:00:00,2.6358883909364383,4,Sunday
2025-01-12 05:00:00,2.329919688361326,5,Sunday
2025-01-12 06:00:00,2.994063769955442,6,Sunday
2025-01-12 07:00:00,2.877935663802835,7,Sunday
2025-01-12 08:00:00,2.3092503359244896,8,Sunday
2025-01-12 09:00:00,2.9226283032065856,9,Sunday
2025-01-12 10:00:00,2.99892328465272,10,Sunday
2025-01-12 11:00:00,1.5549339886325746,11,Sunday
2025-01-12 12:00:00,2.8581287785703684,12,Sunday
2025-01-12 13:00:00,3.435076935003352,13,Sunday
2025-01-12 14:00:00,3.140846385796626,14,Sunday
2025-01-12 15:00:00,2.5029081157679323,15,Sunday
